<?xml version="1.1" encoding="UTF-8" standalone="no"?>
<databaseChangeLog xmlns="http://www.liquibase.org/xml/ns/dbchangelog" xmlns:ext="http://www.liquibase.org/xml/ns/dbchangelog-ext" xmlns:xsi="http://www.w3.org/2001/XMLSchema-instance" xsi:schemaLocation="http://www.liquibase.org/xml/ns/dbchangelog-ext http://www.liquibase.org/xml/ns/dbchangelog/dbchangelog-ext.xsd http://www.liquibase.org/xml/ns/dbchangelog http://www.liquibase.org/xml/ns/dbchangelog/dbchangelog-latest.xsd">
    <changeSet author="jlowe000 (generated)" id="1666609380430-1">
        <insert catalogName="ANZIOT" schemaName="ANZIOT" tableName="F1SIM-TRACK">
            <column name="ID" valueNumeric="1"/>
            <column name="TRACK" value="Silverstone"/>
            <column name="COUNTRY" value="UK"/>
            <column name="VERSION" valueNumeric="2022"/>
            <column name="MAP_WIDTH" valueNumeric="800"/>
            <column name="MAP_HEIGHT" valueNumeric="400"/>
            <column name="TRACK_LENGTH" valueNumeric="5891"/>
            <column name="ROTATION" valueNumeric="270"/>
            <column name="REF_SESSION" valueNumeric="14421316836713177776"/>
            <column name="REF_SESSION_L" valueNumeric="1700968421399757528"/>
            <column name="REF_SESSION_R" valueNumeric="13219829272153107221"/>
        </insert>
        <insert catalogName="ANZIOT" schemaName="ANZIOT" tableName="F1SIM-TRACK">
            <column name="ID" valueNumeric="22"/>
            <column name="TRACK" value="Jeddah"/>
            <column name="COUNTRY" value="Saudi Arabia"/>
            <column name="VERSION" valueNumeric="2022"/>
            <column name="MAP_WIDTH" valueNumeric="800"/>
            <column name="MAP_HEIGHT" valueNumeric="450"/>
            <column name="TRACK_LENGTH" valueNumeric="6174"/>
            <column name="ROTATION" valueNumeric="60"/>
            <column name="REF_SESSION"/>
            <column name="REF_SESSION_L"/>
            <column name="REF_SESSION_R"/>
        </insert>
        <insert catalogName="ANZIOT" schemaName="ANZIOT" tableName="F1SIM-TRACK">
            <column name="ID" valueNumeric="61"/>
            <column name="TRACK" value="Texas"/>
            <column name="COUNTRY" value="USA"/>
            <column name="VERSION" valueNumeric="2022"/>
            <column name="MAP_WIDTH" valueNumeric="800"/>
            <column name="MAP_HEIGHT" valueNumeric="400"/>
            <column name="TRACK_LENGTH" valueNumeric="5513"/>
            <column name="ROTATION" valueNumeric="180"/>
            <column name="REF_SESSION" valueNumeric="16536499370877684298"/>
            <column name="REF_SESSION_L" valueNumeric="17884265327141957137"/>
            <column name="REF_SESSION_R" valueNumeric="18257429369881684096"/>
        </insert>
        <insert catalogName="ANZIOT" schemaName="ANZIOT" tableName="F1SIM-TRACK">
            <column name="ID" valueNumeric="72"/>
            <column name="TRACK" value="Paul Ricard"/>
            <column name="COUNTRY" value="France"/>
            <column name="VERSION" valueNumeric="2022"/>
            <column name="MAP_WIDTH" valueNumeric="800"/>
            <column name="MAP_HEIGHT" valueNumeric="400"/>
            <column name="TRACK_LENGTH" valueNumeric="5842"/>
            <column name="ROTATION" valueNumeric="175"/>
            <column name="REF_SESSION"/>
            <column name="REF_SESSION_L"/>
            <column name="REF_SESSION_R"/>
        </insert>
        <insert catalogName="ANZIOT" schemaName="ANZIOT" tableName="F1SIM-TRACK">
            <column name="ID" valueNumeric="82"/>
            <column name="TRACK" value="Mexico"/>
            <column name="COUNTRY" value="Mexico"/>
            <column name="VERSION" valueNumeric="2022"/>
            <column name="MAP_WIDTH" valueNumeric="600"/>
            <column name="MAP_HEIGHT" valueNumeric="400"/>
            <column name="TRACK_LENGTH" valueNumeric="4304"/>
            <column name="ROTATION" valueNumeric="173"/>
            <column name="REF_SESSION" valueNumeric="8714383077771791450"/>
            <column name="REF_SESSION_L" valueNumeric="5818284292209024268"/>
            <column name="REF_SESSION_R" valueNumeric="13662923119778571173"/>
        </insert>
        <insert catalogName="ANZIOT" schemaName="ANZIOT" tableName="F1SIM-TRACK">
            <column name="ID" valueNumeric="84"/>
            <column name="TRACK" value="Abu Dhabi"/>
            <column name="COUNTRY" value="United Arab Emirates"/>
            <column name="VERSION" valueNumeric="2022"/>
            <column name="MAP_WIDTH" valueNumeric="800"/>
            <column name="MAP_HEIGHT" valueNumeric="400"/>
            <column name="TRACK_LENGTH" valueNumeric="5281"/>
            <column name="ROTATION" valueNumeric="210"/>
            <column name="REF_SESSION" valueNumeric="13149442094639282119"/>
            <column name="REF_SESSION_L" valueNumeric="13763187465373021141"/>
            <column name="REF_SESSION_R" valueNumeric="7633538719720772086"/>
        </insert>
        <insert catalogName="ANZIOT" schemaName="ANZIOT" tableName="F1SIM-TRACK">
            <column name="ID" valueNumeric="2"/>
            <column name="TRACK" value="Melbourne"/>
            <column name="COUNTRY" value="Australia"/>
            <column name="VERSION" valueNumeric="2022"/>
            <column name="MAP_WIDTH" valueNumeric="800"/>
            <column name="MAP_HEIGHT" valueNumeric="400"/>
            <column name="TRACK_LENGTH" valueNumeric="5278"/>
            <column name="ROTATION" valueNumeric="135"/>
            <column name="REF_SESSION" valueNumeric="3134153754709219903"/>
            <column name="REF_SESSION_L" valueNumeric="18118509207215334066"/>
            <column name="REF_SESSION_R" valueNumeric="14023301428294605882"/>
        </insert>
        <insert catalogName="ANZIOT" schemaName="ANZIOT" tableName="F1SIM-TRACK">
            <column name="ID" valueNumeric="65"/>
            <column name="TRACK" value="Austria"/>
            <column name="COUNTRY" value="Austria"/>
            <column name="VERSION" valueNumeric="2021"/>
            <column name="MAP_WIDTH" valueNumeric="800"/>
            <column name="MAP_HEIGHT" valueNumeric="400"/>
            <column name="TRACK_LENGTH" valueNumeric="5000"/>
            <column name="ROTATION" valueNumeric="0"/>
            <column name="REF_SESSION"/>
            <column name="REF_SESSION_L"/>
            <column name="REF_SESSION_R"/>
        </insert>
        <insert catalogName="ANZIOT" schemaName="ANZIOT" tableName="F1SIM-TRACK">
            <column name="ID" valueNumeric="73"/>
            <column name="TRACK" value="Hungaroring"/>
            <column name="COUNTRY" value="Hungary"/>
            <column name="VERSION" valueNumeric="2022"/>
            <column name="MAP_WIDTH" valueNumeric="400"/>
            <column name="MAP_HEIGHT" valueNumeric="400"/>
            <column name="TRACK_LENGTH" valueNumeric="4381"/>
            <column name="ROTATION" valueNumeric="230"/>
            <column name="REF_SESSION"/>
            <column name="REF_SESSION_L"/>
            <column name="REF_SESSION_R"/>
        </insert>
        <insert catalogName="ANZIOT" schemaName="ANZIOT" tableName="F1SIM-TRACK">
            <column name="ID" valueNumeric="85"/>
            <column name="TRACK" value="Portimao"/>
            <column name="COUNTRY" value="Portugal"/>
            <column name="VERSION" valueNumeric="2022"/>
            <column name="MAP_WIDTH" valueNumeric="800"/>
            <column name="MAP_HEIGHT" valueNumeric="400"/>
            <column name="TRACK_LENGTH" valueNumeric="4653"/>
            <column name="ROTATION" valueNumeric="105"/>
            <column name="REF_SESSION"/>
            <column name="REF_SESSION_L"/>
            <column name="REF_SESSION_R"/>
        </insert>
        <insert catalogName="ANZIOT" schemaName="ANZIOT" tableName="F1SIM-TRACK">
            <column name="ID" valueNumeric="23"/>
            <column name="TRACK" value="Sakhir (Bahrain)"/>
            <column name="COUNTRY" value="Bahrain"/>
            <column name="VERSION" valueNumeric="2022"/>
            <column name="MAP_WIDTH" valueNumeric="550"/>
            <column name="MAP_HEIGHT" valueNumeric="450"/>
            <column name="TRACK_LENGTH" valueNumeric="5412"/>
            <column name="ROTATION" valueNumeric="88"/>
            <column name="REF_SESSION" valueNumeric="16172720509656163114"/>
            <column name="REF_SESSION_L" valueNumeric="2916203749378442516"/>
            <column name="REF_SESSION_R" valueNumeric="2913580178929788715"/>
        </insert>
        <insert catalogName="ANZIOT" schemaName="ANZIOT" tableName="F1SIM-TRACK">
            <column name="ID" valueNumeric="62"/>
            <column name="TRACK" value="Monza"/>
            <column name="COUNTRY" value="Italy"/>
            <column name="VERSION" valueNumeric="2022"/>
            <column name="MAP_WIDTH" valueNumeric="800"/>
            <column name="MAP_HEIGHT" valueNumeric="400"/>
            <column name="TRACK_LENGTH" valueNumeric="5793"/>
            <column name="ROTATION" valueNumeric="85"/>
            <column name="REF_SESSION" valueNumeric="17342205360944025635"/>
            <column name="REF_SESSION_L" valueNumeric="17342205360944025635"/>
            <column name="REF_SESSION_R" valueNumeric="17342205360944025635"/>
        </insert>
        <insert catalogName="ANZIOT" schemaName="ANZIOT" tableName="F1SIM-TRACK">
            <column name="ID" valueNumeric="68"/>
            <column name="TRACK" value="Catalunya"/>
            <column name="COUNTRY" value="Spain"/>
            <column name="VERSION" valueNumeric="2022"/>
            <column name="MAP_WIDTH" valueNumeric="800"/>
            <column name="MAP_HEIGHT" valueNumeric="350"/>
            <column name="TRACK_LENGTH" valueNumeric="4675"/>
            <column name="ROTATION" valueNumeric="237"/>
            <column name="REF_SESSION"/>
            <column name="REF_SESSION_L"/>
            <column name="REF_SESSION_R"/>
        </insert>
        <insert catalogName="ANZIOT" schemaName="ANZIOT" tableName="F1SIM-TRACK">
            <column name="ID" valueNumeric="69"/>
            <column name="TRACK" value="Monaco"/>
            <column name="COUNTRY" value="Monaco"/>
            <column name="VERSION" valueNumeric="2022"/>
            <column name="MAP_WIDTH" valueNumeric="800"/>
            <column name="MAP_HEIGHT" valueNumeric="400"/>
            <column name="TRACK_LENGTH" valueNumeric="3337"/>
            <column name="ROTATION" valueNumeric="230"/>
            <column name="REF_SESSION"/>
            <column name="REF_SESSION_L"/>
            <column name="REF_SESSION_R"/>
        </insert>
        <insert catalogName="ANZIOT" schemaName="ANZIOT" tableName="F1SIM-TRACK">
            <column name="ID" valueNumeric="71"/>
            <column name="TRACK" value="Austria"/>
            <column name="COUNTRY" value="Austria"/>
            <column name="VERSION" valueNumeric="2022"/>
            <column name="MAP_WIDTH" valueNumeric="600"/>
            <column name="MAP_HEIGHT" valueNumeric="400"/>
            <column name="TRACK_LENGTH" valueNumeric="4318"/>
            <column name="ROTATION" valueNumeric="150"/>
            <column name="REF_SESSION" valueNumeric="5390093759069876254"/>
            <column name="REF_SESSION_L" valueNumeric="13479912152974551251"/>
            <column name="REF_SESSION_R" valueNumeric="3638865814691995756"/>
        </insert>
        <insert catalogName="ANZIOT" schemaName="ANZIOT" tableName="F1SIM-TRACK">
            <column name="ID" valueNumeric="81"/>
            <column name="TRACK" value="Zandvoort"/>
            <column name="COUNTRY" value="Netherlands"/>
            <column name="VERSION" valueNumeric="2022"/>
            <column name="MAP_WIDTH" valueNumeric="400"/>
            <column name="MAP_HEIGHT" valueNumeric="400"/>
            <column name="TRACK_LENGTH" valueNumeric="4259"/>
            <column name="ROTATION" valueNumeric="0"/>
            <column name="REF_SESSION"/>
            <column name="REF_SESSION_L"/>
            <column name="REF_SESSION_R"/>
        </insert>
        <insert catalogName="ANZIOT" schemaName="ANZIOT" tableName="F1SIM-TRACK">
            <column name="ID" valueNumeric="63"/>
            <column name="TRACK" value="Suzuka"/>
            <column name="COUNTRY" value="Japan"/>
            <column name="VERSION" valueNumeric="2022"/>
            <column name="MAP_WIDTH" valueNumeric="800"/>
            <column name="MAP_HEIGHT" valueNumeric="400"/>
            <column name="TRACK_LENGTH" valueNumeric="5807"/>
            <column name="ROTATION" valueNumeric="180"/>
            <column name="REF_SESSION" valueNumeric="2552289564152022587"/>
            <column name="REF_SESSION_L" valueNumeric="9172834915496168997"/>
            <column name="REF_SESSION_R" valueNumeric="9297606783367889650"/>
        </insert>
        <insert catalogName="ANZIOT" schemaName="ANZIOT" tableName="F1SIM-TRACK">
            <column name="ID" valueNumeric="64"/>
            <column name="TRACK" value="Spa"/>
            <column name="COUNTRY" value="Belgium"/>
            <column name="VERSION" valueNumeric="2022"/>
            <column name="MAP_WIDTH" valueNumeric="800"/>
            <column name="MAP_HEIGHT" valueNumeric="600"/>
            <column name="TRACK_LENGTH" valueNumeric="7004"/>
            <column name="ROTATION" valueNumeric="90"/>
            <column name="REF_SESSION" valueNumeric="17659886436734377668"/>
            <column name="REF_SESSION_L" valueNumeric="17659886436734377668"/>
            <column name="REF_SESSION_R" valueNumeric="17659886436734377668"/>
        </insert>
        <insert catalogName="ANZIOT" schemaName="ANZIOT" tableName="F1SIM-TRACK">
            <column name="ID" valueNumeric="70"/>
            <column name="TRACK" value="Baku (Azerbaijan)"/>
            <column name="COUNTRY" value="Azerbaijan"/>
            <column name="VERSION" valueNumeric="2022"/>
            <column name="MAP_WIDTH" valueNumeric="700"/>
            <column name="MAP_HEIGHT" valueNumeric="400"/>
            <column name="TRACK_LENGTH" valueNumeric="6003"/>
            <column name="ROTATION" valueNumeric="240"/>
            <column name="REF_SESSION"/>
            <column name="REF_SESSION_L"/>
            <column name="REF_SESSION_R"/>
        </insert>
        <insert catalogName="ANZIOT" schemaName="ANZIOT" tableName="F1SIM-TRACK">
            <column name="ID" valueNumeric="21"/>
            <column name="TRACK" value="Imola"/>
            <column name="COUNTRY" value="San Marino"/>
            <column name="VERSION" valueNumeric="2022"/>
            <column name="MAP_WIDTH" valueNumeric="800"/>
            <column name="MAP_HEIGHT" valueNumeric="400"/>
            <column name="TRACK_LENGTH" valueNumeric="4909"/>
            <column name="ROTATION" valueNumeric="180"/>
            <column name="REF_SESSION"/>
            <column name="REF_SESSION_L"/>
            <column name="REF_SESSION_R"/>
        </insert>
        <insert catalogName="ANZIOT" schemaName="ANZIOT" tableName="F1SIM-TRACK">
            <column name="ID" valueNumeric="24"/>
            <column name="TRACK" value="Melbourne"/>
            <column name="COUNTRY" value="Australia"/>
            <column name="VERSION" valueNumeric="2021"/>
            <column name="MAP_WIDTH" valueNumeric="800"/>
            <column name="MAP_HEIGHT" valueNumeric="400"/>
            <column name="TRACK_LENGTH" valueNumeric="5303"/>
            <column name="ROTATION" valueNumeric="135"/>
            <column name="REF_SESSION" valueNumeric="1283900615459248038"/>
            <column name="REF_SESSION_L" valueNumeric="1283900615459248038"/>
            <column name="REF_SESSION_R" valueNumeric="1283900615459248038"/>
        </insert>
        <insert catalogName="ANZIOT" schemaName="ANZIOT" tableName="F1SIM-TRACK">
            <column name="ID" valueNumeric="41"/>
            <column name="TRACK" value="Singapore"/>
            <column name="COUNTRY" value="Singapore"/>
            <column name="VERSION" valueNumeric="2022"/>
            <column name="MAP_WIDTH" valueNumeric="700"/>
            <column name="MAP_HEIGHT" valueNumeric="600"/>
            <column name="TRACK_LENGTH" valueNumeric="5063"/>
            <column name="ROTATION" valueNumeric="180"/>
            <column name="REF_SESSION" valueNumeric="18220087588418542489"/>
            <column name="REF_SESSION_L" valueNumeric="13367318235244377488"/>
            <column name="REF_SESSION_R" valueNumeric="2568749429050406433"/>
        </insert>
        <insert catalogName="ANZIOT" schemaName="ANZIOT" tableName="F1SIM-TRACK">
            <column name="ID" valueNumeric="66"/>
            <column name="TRACK" value="Montreal"/>
            <column name="COUNTRY" value="Canada"/>
            <column name="VERSION" valueNumeric="2021"/>
            <column name="MAP_WIDTH" valueNumeric="800"/>
            <column name="MAP_HEIGHT" valueNumeric="300"/>
            <column name="TRACK_LENGTH" valueNumeric="5000"/>
            <column name="ROTATION" valueNumeric="110"/>
            <column name="REF_SESSION"/>
            <column name="REF_SESSION_L"/>
            <column name="REF_SESSION_R"/>
        </insert>
        <insert catalogName="ANZIOT" schemaName="ANZIOT" tableName="F1SIM-TRACK">
            <column name="ID" valueNumeric="67"/>
            <column name="TRACK" value="Miami"/>
            <column name="COUNTRY" value="USA"/>
            <column name="VERSION" valueNumeric="2022"/>
            <column name="MAP_WIDTH" valueNumeric="800"/>
            <column name="MAP_HEIGHT" valueNumeric="350"/>
            <column name="TRACK_LENGTH" valueNumeric="5412"/>
            <column name="ROTATION" valueNumeric="180"/>
            <column name="REF_SESSION"/>
            <column name="REF_SESSION_L"/>
            <column name="REF_SESSION_R"/>
        </insert>
        <insert catalogName="ANZIOT" schemaName="ANZIOT" tableName="F1SIM-TRACK">
            <column name="ID" valueNumeric="83"/>
            <column name="TRACK" value="Brazil"/>
            <column name="COUNTRY" value="Brazil"/>
            <column name="VERSION" valueNumeric="2022"/>
            <column name="MAP_WIDTH" valueNumeric="600"/>
            <column name="MAP_HEIGHT" valueNumeric="400"/>
            <column name="TRACK_LENGTH" valueNumeric="4309"/>
            <column name="ROTATION" valueNumeric="270"/>
            <column name="REF_SESSION"/>
            <column name="REF_SESSION_L"/>
            <column name="REF_SESSION_R"/>
        </insert>
    </changeSet>
</databaseChangeLog>
