ID,CREATED_ON,DATA,DATA$m_frame,DATA$m_sector,DATA$m_session,DATA$m_gamehost,DATA$m_timestamp,DATA$m_lap_distance,DATA$m_driver_status,DATA$m_totalDistance,DATA$m_current_lap_num,DATA$m_sector1_time_in_ms,DATA$m_sector2_time_in_ms,DATA$m_last_lap_time_in_ms,DATA$m_current_lap_time_in_ms,DATA$hello,DATA$m_current_lap_invalid
F3B50A9D879A66A4E053BB15000A0278,02-FEB-23 09.18.03.590890000 AM,[unsupported data type],47,0,8461323895330178444,tf,1675329483588,-5819.5009765625,0,-5819.5009765625,1,0,0,0,0,,0
F3B50AA6C90F66A1E053BB15000AC4D9,02-FEB-23 09.18.03.661036000 AM,[unsupported data type],48,0,8461323895330178444,tf,1675329483658,-5819.5009765625,0,-5819.5009765625,1,0,0,0,0,,0
F3B50A9D879C66A4E053BB15000A0278,02-FEB-23 09.18.03.696135000 AM,[unsupported data type],49,0,8461323895330178444,tf,1675329483694,-5819.5009765625,0,-5819.5009765625,1,0,0,0,0,,0
F3B50AA6C91166A1E053BB15000AC4D9,02-FEB-23 09.18.03.766636000 AM,[unsupported data type],50,0,8461323895330178444,tf,1675329483764,-5819.5009765625,0,-5819.5009765625,1,0,0,0,0,,0
F3B50A9D879E66A4E053BB15000A0278,02-FEB-23 09.18.03.802327000 AM,[unsupported data type],51,0,8461323895330178444,tf,1675329483800,-5819.5009765625,0,-5819.5009765625,1,0,0,0,0,,0
F3B50AA6C91366A1E053BB15000AC4D9,02-FEB-23 09.18.03.873613000 AM,[unsupported data type],52,0,8461323895330178444,tf,1675329483870,-5819.5009765625,0,-5819.5009765625,1,0,0,0,0,,0
F3B50A9D87A066A4E053BB15000A0278,02-FEB-23 09.18.03.907830000 AM,[unsupported data type],53,0,8461323895330178444,tf,1675329483905,-5819.5009765625,0,-5819.5009765625,1,0,0,0,0,,0
F3B50AA6C91566A1E053BB15000AC4D9,02-FEB-23 09.18.03.979644000 AM,[unsupported data type],54,0,8461323895330178444,tf,1675329483976,-5819.5009765625,0,-5819.5009765625,1,0,0,0,0,,0
F3B50A9D87A266A4E053BB15000A0278,02-FEB-23 09.18.04.013758000 AM,[unsupported data type],55,0,8461323895330178444,tf,1675329484011,-5819.5009765625,0,-5819.5009765625,1,0,0,0,0,,0
F3B50AA6C91766A1E053BB15000AC4D9,02-FEB-23 09.18.04.084885000 AM,[unsupported data type],56,0,8461323895330178444,tf,1675329484082,-5819.5009765625,0,-5819.5009765625,1,0,0,0,0,,0
F3B50A9D87A466A4E053BB15000A0278,02-FEB-23 09.18.04.119673000 AM,[unsupported data type],57,0,8461323895330178444,tf,1675329484117,-5819.5009765625,0,-5819.5009765625,1,0,0,0,0,,0
F3B50AA68C49669FE053BB15000A09F5,02-FEB-23 09.18.04.191369000 AM,[unsupported data type],58,0,8461323895330178444,tf,1675329484188,-5819.5009765625,0,-5819.5009765625,1,0,0,0,0,,0
F3B50A9D87A666A4E053BB15000A0278,02-FEB-23 09.18.04.226413000 AM,[unsupported data type],59,0,8461323895330178444,tf,1675329484224,-5819.5009765625,0,-5819.5009765625,1,0,0,0,0,,0
F3B50AA68C4B669FE053BB15000A09F5,02-FEB-23 09.18.04.296836000 AM,[unsupported data type],60,0,8461323895330178444,tf,1675329484294,-5819.5009765625,0,-5819.5009765625,1,0,0,0,0,,0
F3B50A9D87A866A4E053BB15000A0278,02-FEB-23 09.18.04.331986000 AM,[unsupported data type],61,0,8461323895330178444,tf,1675329484329,-5819.5009765625,0,-5819.5009765625,1,0,0,0,0,,0
F3B50AA6C91D66A1E053BB15000AC4D9,02-FEB-23 09.18.04.402358000 AM,[unsupported data type],62,0,8461323895330178444,tf,1675329484400,-5819.5009765625,0,-5819.5009765625,1,0,0,0,0,,0
F3B50AA68C4E669FE053BB15000A09F5,02-FEB-23 09.18.04.438669000 AM,[unsupported data type],63,0,8461323895330178444,tf,1675329484435,-5819.5009765625,0,-5819.5009765625,1,0,0,0,0,,0
F3B50AA68C4F669FE053BB15000A09F5,02-FEB-23 09.18.04.508893000 AM,[unsupported data type],64,0,8461323895330178444,tf,1675329484506,-5819.5009765625,0,-5819.5009765625,1,0,0,0,0,,0
F3B50AA6C92066A1E053BB15000AC4D9,02-FEB-23 09.18.04.544527000 AM,[unsupported data type],65,0,8461323895330178444,tf,1675329484541,-5819.5009765625,0,-5819.5009765625,1,0,0,0,0,,0
F3B50AA6C92166A1E053BB15000AC4D9,02-FEB-23 09.18.04.614701000 AM,[unsupported data type],66,0,8461323895330178444,tf,1675329484612,-5819.5009765625,0,-5819.5009765625,1,0,0,0,0,,0
F3B50AA68C52669FE053BB15000A09F5,02-FEB-23 09.18.04.649807000 AM,[unsupported data type],67,0,8461323895330178444,tf,1675329484647,-5819.5009765625,0,-5819.5009765625,1,0,0,0,0,,0
F3B50AA6C92366A1E053BB15000AC4D9,02-FEB-23 09.18.04.720113000 AM,[unsupported data type],68,0,8461323895330178444,tf,1675329484717,-5819.5009765625,0,-5819.5009765625,1,0,0,0,0,,0
F3B50A9D87B066A4E053BB15000A0278,02-FEB-23 09.18.04.755836000 AM,[unsupported data type],69,0,8461323895330178444,tf,1675329484753,-5819.5009765625,0,-5819.5009765625,1,0,0,0,0,,0
F3B50AA68C55669FE053BB15000A09F5,02-FEB-23 09.18.04.826265000 AM,[unsupported data type],70,0,8461323895330178444,tf,1675329484824,-5819.5009765625,0,-5819.5009765625,1,0,0,0,0,,0
F3B50A9D87B266A4E053BB15000A0278,02-FEB-23 09.18.04.861555000 AM,[unsupported data type],71,0,8461323895330178444,tf,1675329484859,-5819.5009765625,0,-5819.5009765625,1,0,0,0,0,,0
F3B50AA68C57669FE053BB15000A09F5,02-FEB-23 09.18.04.931984000 AM,[unsupported data type],72,0,8461323895330178444,tf,1675329484929,-5819.5009765625,0,-5819.5009765625,1,0,0,0,0,,0
F3B50A9D87B466A4E053BB15000A0278,02-FEB-23 09.18.04.967180000 AM,[unsupported data type],73,0,8461323895330178444,tf,1675329484965,-5819.5009765625,0,-5819.5009765625,1,0,0,0,0,,0
F3B50AA6C92966A1E053BB15000AC4D9,02-FEB-23 09.18.05.037618000 AM,[unsupported data type],74,0,8461323895330178444,tf,1675329485035,-5819.5009765625,0,-5819.5009765625,1,0,0,0,0,,0
F3B50A9D87B666A4E053BB15000A0278,02-FEB-23 09.18.05.073418000 AM,[unsupported data type],75,0,8461323895330178444,tf,1675329485071,-5819.5009765625,0,-5819.5009765625,1,0,0,0,0,,0
F3B50AA6C92B66A1E053BB15000AC4D9,02-FEB-23 09.18.05.144088000 AM,[unsupported data type],76,0,8461323895330178444,tf,1675329485141,-5819.5009765625,0,-5819.5009765625,1,0,0,0,0,,0
F3B50AA6C8E966A1E053BB15000AC4D9,02-FEB-23 09.18.01.918629000 AM,[unsupported data type],0,0,8461323895330178444,tf,1675329481225,76.80908203125,0,76.80908203125,1,0,0,0,0,,0
F3B50AA68C16669FE053BB15000A09F5,02-FEB-23 09.18.02.472238000 AM,[unsupported data type],2,0,8461323895330178444,tf,1675329481320,-5819.5009765625,0,-5819.5009765625,1,0,0,0,0,,0
F3B50AA6C8EC66A1E053BB15000AC4D9,02-FEB-23 09.18.02.596509000 AM,[unsupported data type],5,0,8461323895330178444,tf,1675329481467,-5819.5009765625,0,-5819.5009765625,1,0,0,0,0,,0
F3B50AA6C8ED66A1E053BB15000AC4D9,02-FEB-23 09.18.02.599345000 AM,[unsupported data type],6,0,8461323895330178444,tf,1675329481540,-5819.5009765625,0,-5819.5009765625,1,0,0,0,0,,0
F3B50AA68C19669FE053BB15000A09F5,02-FEB-23 09.18.02.624314000 AM,[unsupported data type],3,0,8461323895330178444,tf,1675329481358,-5819.5009765625,0,-5819.5009765625,1,0,0,0,0,,0
F3B50AA6C8F066A1E053BB15000AC4D9,02-FEB-23 09.18.02.645352000 AM,[unsupported data type],10,0,8461323895330178444,tf,1675329481754,-5819.5009765625,0,-5819.5009765625,1,0,0,0,0,,0
F3B50AA6C8F166A1E053BB15000AC4D9,02-FEB-23 09.18.02.648890000 AM,[unsupported data type],8,0,8461323895330178444,tf,1675329481650,-5819.5009765625,0,-5819.5009765625,1,0,0,0,0,,0
F3B50AA68C1F669FE053BB15000A09F5,02-FEB-23 09.18.02.678002000 AM,[unsupported data type],14,0,8461323895330178444,tf,1675329481965,-5819.5009765625,0,-5819.5009765625,1,0,0,0,0,,0
F3B50AA6C8F466A1E053BB15000AC4D9,02-FEB-23 09.18.02.691852000 AM,[unsupported data type],12,0,8461323895330178444,tf,1675329481859,-5819.5009765625,0,-5819.5009765625,1,0,0,0,0,,0
F3B50AA68C22669FE053BB15000A09F5,02-FEB-23 09.18.02.703531000 AM,[unsupported data type],18,0,8461323895330178444,tf,1675329482174,-5819.5009765625,0,-5819.5009765625,1,0,0,0,0,,0
F3B50AA68C25669FE053BB15000A09F5,02-FEB-23 09.18.02.743677000 AM,[unsupported data type],17,0,8461323895330178444,tf,1675329482104,-5819.5009765625,0,-5819.5009765625,1,0,0,0,0,,0
F3B50AA6C8F766A1E053BB15000AC4D9,02-FEB-23 09.18.02.744706000 AM,[unsupported data type],16,0,8461323895330178444,tf,1675329482070,-5819.5009765625,0,-5819.5009765625,1,0,0,0,0,,0
F3B50AA68C28669FE053BB15000A09F5,02-FEB-23 09.18.02.752334000 AM,[unsupported data type],21,0,8461323895330178444,tf,1675329482315,-5819.5009765625,0,-5819.5009765625,1,0,0,0,0,,0
F3B50AA6C8FA66A1E053BB15000AC4D9,02-FEB-23 09.18.02.753582000 AM,[unsupported data type],20,0,8461323895330178444,tf,1675329482279,-5819.5009765625,0,-5819.5009765625,1,0,0,0,0,,0
F3B50AA6C8FC66A1E053BB15000AC4D9,02-FEB-23 09.18.02.760027000 AM,[unsupported data type],27,0,8461323895330178444,tf,1675329482638,-5819.5009765625,0,-5819.5009765625,1,0,0,0,0,,0
F3B50AA68B376324E053BB15000A0390,02-FEB-23 09.18.02.579264000 AM,[unsupported data type],7,0,8461323895330178444,tf,1675329481576,-5819.5009765625,0,-5819.5009765625,1,0,0,0,0,,0
F3B50AA68B3A6324E053BB15000A0390,02-FEB-23 09.18.02.603916000 AM,[unsupported data type],11,0,8461323895330178444,tf,1675329481789,-5819.5009765625,0,-5819.5009765625,1,0,0,0,0,,0
F3B50AA68B3D6324E053BB15000A0390,02-FEB-23 09.18.02.717140000 AM,[unsupported data type],15,0,8461323895330178444,tf,1675329482000,-5819.5009765625,0,-5819.5009765625,1,0,0,0,0,,0
F3B50AA68B406324E053BB15000A0390,02-FEB-23 09.18.02.744113000 AM,[unsupported data type],22,0,8461323895330178444,tf,1675329482386,-5819.5009765625,0,-5819.5009765625,1,0,0,0,0,,0
F3B50AA68B436324E053BB15000A0390,02-FEB-23 09.18.02.752887000 AM,[unsupported data type],26,0,8461323895330178444,tf,1675329482602,-5819.5009765625,0,-5819.5009765625,1,0,0,0,0,,0
F3B50AA68C2B669FE053BB15000A09F5,02-FEB-23 09.18.02.761121000 AM,[unsupported data type],25,0,8461323895330178444,tf,1675329482530,-5819.5009765625,0,-5819.5009765625,1,0,0,0,0,,0
F3B50AA68C2E669FE053BB15000A09F5,02-FEB-23 09.18.02.769228000 AM,[unsupported data type],29,0,8461323895330178444,tf,1675329482744,-5819.5009765625,0,-5819.5009765625,1,0,0,0,0,,0
F3B50AA6C90066A1E053BB15000AC4D9,02-FEB-23 09.18.02.857640000 AM,[unsupported data type],32,0,8461323895330178444,tf,1675329482851,-5819.5009765625,0,-5819.5009765625,1,0,0,0,0,,0
F3B50AA6C90166A1E053BB15000AC4D9,02-FEB-23 09.18.02.924120000 AM,[unsupported data type],33,0,8461323895330178444,tf,1675329482921,-5819.5009765625,0,-5819.5009765625,1,0,0,0,0,,0
F3B50AA68C32669FE053BB15000A09F5,02-FEB-23 09.18.02.958836000 AM,[unsupported data type],34,0,8461323895330178444,tf,1675329482956,-5819.5009765625,0,-5819.5009765625,1,0,0,0,0,,0
F3B50AA6C90366A1E053BB15000AC4D9,02-FEB-23 09.18.03.030194000 AM,[unsupported data type],35,0,8461323895330178444,tf,1675329483027,-5819.5009765625,0,-5819.5009765625,1,0,0,0,0,,0
F3B50AA6C90566A1E053BB15000AC4D9,02-FEB-23 09.18.03.135820000 AM,[unsupported data type],37,0,8461323895330178444,tf,1675329483133,-5819.5009765625,0,-5819.5009765625,1,0,0,0,0,,0
F3B50AA68C36669FE053BB15000A09F5,02-FEB-23 09.18.03.170841000 AM,[unsupported data type],38,0,8461323895330178444,tf,1675329483168,-5819.5009765625,0,-5819.5009765625,1,0,0,0,0,,0
F3B50AA68C38669FE053BB15000A09F5,02-FEB-23 09.18.03.279142000 AM,[unsupported data type],40,0,8461323895330178444,tf,1675329483276,-5819.5009765625,0,-5819.5009765625,1,0,0,0,0,,0
F3B50AA68C3A669FE053BB15000A09F5,02-FEB-23 09.18.03.383161000 AM,[unsupported data type],43,0,8461323895330178444,tf,1675329483380,-5819.5009765625,0,-5819.5009765625,1,0,0,0,0,,0
F3B50A9D877266A4E053BB15000A0278,02-FEB-23 09.18.01.918493000 AM,[unsupported data type],1,0,8461323895330178444,tf,1675329481257,-5819.5009765625,0,-5819.5009765625,1,0,0,0,0,,0
F3B50A9D877566A4E053BB15000A0278,02-FEB-23 09.18.02.626019000 AM,[unsupported data type],4,0,8461323895330178444,tf,1675329481431,-5819.5009765625,0,-5819.5009765625,1,0,0,0,0,,0
F3B50A9D877966A4E053BB15000A0278,02-FEB-23 09.18.02.648253000 AM,[unsupported data type],9,0,8461323895330178444,tf,1675329481685,-5819.5009765625,0,-5819.5009765625,1,0,0,0,0,,0
F3B50A9D877C66A4E053BB15000A0278,02-FEB-23 09.18.02.728785000 AM,[unsupported data type],13,0,8461323895330178444,tf,1675329481895,-5819.5009765625,0,-5819.5009765625,1,0,0,0,0,,0
F3B50A9D877F66A4E053BB15000A0278,02-FEB-23 09.18.02.743679000 AM,[unsupported data type],19,0,8461323895330178444,tf,1675329482209,-5819.5009765625,0,-5819.5009765625,1,0,0,0,0,,0
F3B50A9D878266A4E053BB15000A0278,02-FEB-23 09.18.02.751570000 AM,[unsupported data type],23,0,8461323895330178444,tf,1675329482422,-5819.5009765625,0,-5819.5009765625,1,0,0,0,0,,0
F3B50A9D878666A4E053BB15000A0278,02-FEB-23 09.18.02.762248000 AM,[unsupported data type],24,0,8461323895330178444,tf,1675329482494,-5819.5009765625,0,-5819.5009765625,1,0,0,0,0,,0
F3B50A9D878966A4E053BB15000A0278,02-FEB-23 09.18.02.769913000 AM,[unsupported data type],28,0,8461323895330178444,tf,1675329482709,-5819.5009765625,0,-5819.5009765625,1,0,0,0,0,,0
F3B50A9D878B66A4E053BB15000A0278,02-FEB-23 09.18.02.817819000 AM,[unsupported data type],31,0,8461323895330178444,tf,1675329482815,-5819.5009765625,0,-5819.5009765625,1,0,0,0,0,,0
F3B50A9D879066A4E053BB15000A0278,02-FEB-23 09.18.03.065268000 AM,[unsupported data type],36,0,8461323895330178444,tf,1675329483062,-5819.5009765625,0,-5819.5009765625,1,0,0,0,0,,0
F3B50A9D879366A4E053BB15000A0278,02-FEB-23 09.18.03.243468000 AM,[unsupported data type],39,0,8461323895330178444,tf,1675329483240,-5819.5009765625,0,-5819.5009765625,1,0,0,0,0,,0
F3B50A9D879566A4E053BB15000A0278,02-FEB-23 09.18.03.348459000 AM,[unsupported data type],42,0,8461323895330178444,tf,1675329483345,-5819.5009765625,0,-5819.5009765625,1,0,0,0,0,,0
F3B50AA6C90B66A1E053BB15000AC4D9,02-FEB-23 09.18.03.452466000 AM,[unsupported data type],44,0,8461323895330178444,tf,1675329483449,-5819.5009765625,0,-5819.5009765625,1,0,0,0,0,,0
F3B50A9D879866A4E053BB15000A0278,02-FEB-23 09.18.03.487028000 AM,[unsupported data type],45,0,8461323895330178444,tf,1675329483484,-5819.5009765625,0,-5819.5009765625,1,0,0,0,0,,0
F3B50AA6C90D66A1E053BB15000AC4D9,02-FEB-23 09.18.03.556278000 AM,[unsupported data type],46,0,8461323895330178444,tf,1675329483554,-5819.5009765625,0,-5819.5009765625,1,0,0,0,0,,0
F3B50A9D87B866A4E053BB15000A0278,02-FEB-23 09.18.05.179105000 AM,[unsupported data type],77,0,8461323895330178444,tf,1675329485176,-5819.5009765625,0,-5819.5009765625,1,0,0,0,0,,0
F3B50A9D87BB66A4E053BB15000A0278,02-FEB-23 09.18.05.357040000 AM,[unsupported data type],80,0,8461323895330178444,tf,1675329485354,-5819.5009765625,0,-5819.5009765625,1,0,0,0,0,,0
F3B50A9D87BD66A4E053BB15000A0278,02-FEB-23 09.18.05.463129000 AM,[unsupported data type],82,0,8461323895330178444,tf,1675329485460,-5819.5009765625,0,-5819.5009765625,1,0,0,0,0,,0
F3B50A9D87C166A4E053BB15000A0278,02-FEB-23 09.18.05.674522000 AM,[unsupported data type],86,0,8461323895330178444,tf,1675329485672,-5819.5009765625,0,-5819.5009765625,1,0,0,0,0,,0
F3B50A9D87C366A4E053BB15000A0278,02-FEB-23 09.18.05.781031000 AM,[unsupported data type],88,0,8461323895330178444,tf,1675329485778,-5819.5009765625,0,-5819.5009765625,1,0,0,0,0,,0
F3B50A9D87C866A4E053BB15000A0278,02-FEB-23 09.18.06.027383000 AM,[unsupported data type],94,0,8461323895330178444,tf,1675329486025,-5819.5009765625,0,-5819.5009765625,1,0,0,0,0,,0
F3B50AA68B476324E053BB15000A0390,02-FEB-23 09.18.06.329263000 AM,[unsupported data type],99,2,8461323895330178444,tf,1675329486326,-1047.26611328125,1,-1047.26611328125,1,0,0,0,0,,0
F3B50A9D87CE66A4E053BB15000A0278,02-FEB-23 09.18.06.448257000 AM,[unsupported data type],103,2,8461323895330178444,tf,1675329486445,-1030.62109375,1,-1030.62109375,1,0,0,0,0,,0
F3B50AA68B4B6324E053BB15000A0390,02-FEB-23 09.18.06.583684000 AM,[unsupported data type],105,2,8461323895330178444,tf,1675329486560,-1020.78173828125,1,-1020.78173828125,1,0,0,0,0,,0
F3B50AA68B4D6324E053BB15000A0390,02-FEB-23 09.18.06.680368000 AM,[unsupported data type],107,2,8461323895330178444,tf,1675329486678,-1010.7939453125,1,-1010.7939453125,1,0,0,0,0,,0
F3B50AA68B506324E053BB15000A0390,02-FEB-23 09.18.06.844301000 AM,[unsupported data type],110,2,8461323895330178444,tf,1675329486842,-996.61962890625,1,-996.61962890625,1,0,0,0,0,,0
F3B50AA68B526324E053BB15000A0390,02-FEB-23 09.18.06.960258000 AM,[unsupported data type],113,2,8461323895330178444,tf,1675329486958,-986.6669921875,1,-986.6669921875,1,0,0,0,0,,0
F3B50AA68B546324E053BB15000A0390,02-FEB-23 09.18.07.077291000 AM,[unsupported data type],115,2,8461323895330178444,tf,1675329487073,-976.72998046875,1,-976.72998046875,1,0,0,0,0,,0
F3B50AA68B586324E053BB15000A0390,02-FEB-23 09.18.07.290894000 AM,[unsupported data type],119,2,8461323895330178444,tf,1675329487288,-958.1796875,1,-958.1796875,1,0,0,0,0,,0
F3B50AA68B5C6324E053BB15000A0390,02-FEB-23 09.18.07.510147000 AM,[unsupported data type],124,2,8461323895330178444,tf,1675329487507,-939.44580078125,1,-939.44580078125,1,0,0,0,0,,0
F3B50AA68B5E6324E053BB15000A0390,02-FEB-23 09.18.07.612973000 AM,[unsupported data type],126,2,8461323895330178444,tf,1675329487609,-931.17724609375,1,-931.17724609375,1,0,0,0,0,,0
F3B50AA68B606324E053BB15000A0390,02-FEB-23 09.18.07.714864000 AM,[unsupported data type],128,2,8461323895330178444,tf,1675329487712,-923.23193359375,1,-923.23193359375,1,0,0,0,0,,0
F3B50AA6C95B66A1E053BB15000AC4D9,02-FEB-23 09.18.07.766595000 AM,[unsupported data type],129,2,8461323895330178444,tf,1675329487762,-919.35595703125,1,-919.35595703125,1,0,0,0,0,,0
F3B50AA6C95C66A1E053BB15000AC4D9,02-FEB-23 09.18.07.817784000 AM,[unsupported data type],130,2,8461323895330178444,tf,1675329487814,-915.56689453125,1,-915.56689453125,1,0,0,0,0,,0
F3B50AA6C95D66A1E053BB15000AC4D9,02-FEB-23 09.18.07.868858000 AM,[unsupported data type],131,2,8461323895330178444,tf,1675329487865,-911.88232421875,1,-911.88232421875,1,0,0,0,0,,0
F3B50AA6C95E66A1E053BB15000AC4D9,02-FEB-23 09.18.07.934763000 AM,[unsupported data type],132,2,8461323895330178444,tf,1675329487932,-907.1943359375,1,-907.1943359375,1,0,0,0,0,,0
F3B50AA68B656324E053BB15000A0390,02-FEB-23 09.18.07.968123000 AM,[unsupported data type],133,2,8461323895330178444,tf,1675329487966,-904.90771484375,1,-904.90771484375,1,0,0,0,0,,0
F3B50AA6C96066A1E053BB15000AC4D9,02-FEB-23 09.18.08.018038000 AM,[unsupported data type],134,2,8461323895330178444,tf,1675329488015,-901.55126953125,1,-901.55126953125,1,0,0,0,0,,0
F3B50AA68B676324E053BB15000A0390,02-FEB-23 09.18.08.084692000 AM,[unsupported data type],135,2,8461323895330178444,tf,1675329488082,-897.18505859375,1,-897.18505859375,1,0,0,0,0,,0
F3B50AA68B696324E053BB15000A0390,02-FEB-23 09.18.08.184913000 AM,[unsupported data type],137,2,8461323895330178444,tf,1675329488182,-890.77392578125,1,-890.77392578125,1,0,0,0,0,,0
F3B50AA68B6B6324E053BB15000A0390,02-FEB-23 09.18.08.299452000 AM,[unsupported data type],139,2,8461323895330178444,tf,1675329488297,-883.39697265625,1,-883.39697265625,1,0,0,0,0,,0
F3B50AA6C96666A1E053BB15000AC4D9,02-FEB-23 09.18.08.363981000 AM,[unsupported data type],140,2,8461323895330178444,tf,1675329488361,-879.302734375,1,-879.302734375,1,0,0,0,0,,0
F3B50AA68B6D6324E053BB15000A0390,02-FEB-23 09.18.08.413495000 AM,[unsupported data type],142,2,8461323895330178444,tf,1675329488411,-876.2529296875,1,-876.2529296875,1,0,0,0,0,,0
F3B50AA6C96866A1E053BB15000AC4D9,02-FEB-23 09.18.08.478403000 AM,[unsupported data type],143,2,8461323895330178444,tf,1675329488475,-872.177734375,1,-872.177734375,1,0,0,0,0,,0
F3B50AA6C96A66A1E053BB15000AC4D9,02-FEB-23 09.18.08.607740000 AM,[unsupported data type],145,2,8461323895330178444,tf,1675329488589,-864.98388671875,1,-864.98388671875,1,0,0,0,0,,0
F3B50AA68CB8669FE053BB15000A09F5,02-FEB-23 09.18.10.354689000 AM,[unsupported data type],180,2,8461323895330178444,tf,1675329490352,-748.92333984375,1,-748.92333984375,1,0,0,0,0,,0
F3B50AA68CBC669FE053BB15000A09F5,02-FEB-23 09.18.10.567361000 AM,[unsupported data type],184,2,8461323895330178444,tf,1675329490564,-735.21923828125,1,-735.21923828125,1,0,0,0,0,,0
F3B50AA68CBD669FE053BB15000A09F5,02-FEB-23 09.18.10.612085000 AM,[unsupported data type],185,2,8461323895330178444,tf,1675329490610,-732.3134765625,1,-732.3134765625,1,0,0,0,0,,0
F3B50AA68CBE669FE053BB15000A09F5,02-FEB-23 09.18.10.672601000 AM,[unsupported data type],186,2,8461323895330178444,tf,1675329490670,-728.482421875,1,-728.482421875,1,0,0,0,0,,0
F3B50AA68CC3669FE053BB15000A09F5,02-FEB-23 09.18.10.928922000 AM,[unsupported data type],192,2,8461323895330178444,tf,1675329490926,-712.322265625,1,-712.322265625,1,0,0,0,0,,0
F3B50AA68CC5669FE053BB15000A09F5,02-FEB-23 09.18.11.045658000 AM,[unsupported data type],194,2,8461323895330178444,tf,1675329491033,-705.35009765625,1,-705.35009765625,1,0,0,0,0,,0
F3B50AA68CC6669FE053BB15000A09F5,02-FEB-23 09.18.11.097443000 AM,[unsupported data type],195,2,8461323895330178444,tf,1675329491094,-701.33447265625,1,-701.33447265625,1,0,0,0,0,,0
F3B50AA68CC8669FE053BB15000A09F5,02-FEB-23 09.18.11.204185000 AM,[unsupported data type],197,2,8461323895330178444,tf,1675329491201,-694.25,1,-694.25,1,0,0,0,0,,0
F3B50AA68BA16324E053BB15000A0390,02-FEB-23 09.18.11.250695000 AM,[unsupported data type],198,2,8461323895330178444,tf,1675329491248,-691.18310546875,1,-691.18310546875,1,0,0,0,0,,0
F3B50AA68CCA669FE053BB15000A09F5,02-FEB-23 09.18.11.313105000 AM,[unsupported data type],200,2,8461323895330178444,tf,1675329491310,-687.033203125,1,-687.033203125,1,0,0,0,0,,0
F3B50AA6C99D66A1E053BB15000AC4D9,02-FEB-23 09.18.11.359422000 AM,[unsupported data type],201,2,8461323895330178444,tf,1675329491356,-683.8818359375,1,-683.8818359375,1,0,0,0,0,,0
F3B50AA68BA46324E053BB15000A0390,02-FEB-23 09.18.11.423616000 AM,[unsupported data type],203,2,8461323895330178444,tf,1675329491421,-679.61962890625,1,-679.61962890625,1,0,0,0,0,,0
F3B50AA6C99F66A1E053BB15000AC4D9,02-FEB-23 09.18.11.466851000 AM,[unsupported data type],204,2,8461323895330178444,tf,1675329491464,-676.37890625,1,-676.37890625,1,0,0,0,0,,0
F3B50AA68BA66324E053BB15000A0390,02-FEB-23 09.18.11.528724000 AM,[unsupported data type],205,2,8461323895330178444,tf,1675329491526,-672.0458984375,1,-672.0458984375,1,0,0,0,0,,0
F3B50AA6C9A166A1E053BB15000AC4D9,02-FEB-23 09.18.11.575746000 AM,[unsupported data type],206,2,8461323895330178444,tf,1675329491573,-668.77197265625,1,-668.77197265625,1,0,0,0,0,,0
F3B50AA6C92D66A1E053BB15000AC4D9,02-FEB-23 09.18.05.249894000 AM,[unsupported data type],78,0,8461323895330178444,tf,1675329485247,-5819.5009765625,0,-5819.5009765625,1,0,0,0,0,,0
F3B50AA6C93366A1E053BB15000AC4D9,02-FEB-23 09.18.05.568747000 AM,[unsupported data type],84,0,8461323895330178444,tf,1675329485566,-5819.5009765625,0,-5819.5009765625,1,0,0,0,0,,0
F3B50AA6C93A66A1E053BB15000AC4D9,02-FEB-23 09.18.05.921786000 AM,[unsupported data type],92,0,8461323895330178444,tf,1675329485919,-5819.5009765625,0,-5819.5009765625,1,0,0,0,0,,0
F3B50AA6C93B66A1E053BB15000AC4D9,02-FEB-23 09.18.05.992013000 AM,[unsupported data type],93,0,8461323895330178444,tf,1675329485989,-5819.5009765625,0,-5819.5009765625,1,0,0,0,0,,0
F3B50AA6C93E66A1E053BB15000AC4D9,02-FEB-23 09.18.06.134209000 AM,[unsupported data type],96,0,8461323895330178444,tf,1675329486131,-5819.5009765625,1,-5819.5009765625,1,0,0,0,0,,0
F3B50AA6C94166A1E053BB15000AC4D9,02-FEB-23 09.18.06.341380000 AM,[unsupported data type],100,2,8461323895330178444,tf,1675329486338,-1041.8515625,1,-1041.8515625,1,0,0,0,0,,0
F3B50AA6C94466A1E053BB15000AC4D9,02-FEB-23 09.18.06.514376000 AM,[unsupported data type],104,2,8461323895330178444,tf,1675329486511,-1025.0224609375,1,-1025.0224609375,1,0,0,0,0,,0
F3B50AA6C94866A1E053BB15000AC4D9,02-FEB-23 09.18.06.730919000 AM,[unsupported data type],108,2,8461323895330178444,tf,1675329486727,-1006.51904296875,1,-1006.51904296875,1,0,0,0,0,,0
F3B50AA6C94966A1E053BB15000AC4D9,02-FEB-23 09.18.06.795107000 AM,[unsupported data type],109,2,8461323895330178444,tf,1675329486792,-1000.8505859375,1,-1000.8505859375,1,0,0,0,0,,0
F3B50AA6C94D66A1E053BB15000AC4D9,02-FEB-23 09.18.07.009518000 AM,[unsupported data type],114,2,8461323895330178444,tf,1675329487007,-982.41357421875,1,-982.41357421875,1,0,0,0,0,,0
F3B50AA6C94F66A1E053BB15000AC4D9,02-FEB-23 09.18.07.125760000 AM,[unsupported data type],116,2,8461323895330178444,tf,1675329487123,-972.458984375,1,-972.458984375,1,0,0,0,0,,0
F3B50AA6C95166A1E053BB15000AC4D9,02-FEB-23 09.18.07.240854000 AM,[unsupported data type],118,2,8461323895330178444,tf,1675329487238,-962.46533203125,1,-962.46533203125,1,0,0,0,0,,0
F3B50AA6C95466A1E053BB15000AC4D9,02-FEB-23 09.18.07.407721000 AM,[unsupported data type],122,2,8461323895330178444,tf,1675329487405,-948.09228515625,1,-948.09228515625,1,0,0,0,0,,0
F3B50AA6C95766A1E053BB15000AC4D9,02-FEB-23 09.18.07.562090000 AM,[unsupported data type],125,2,8461323895330178444,tf,1675329487558,-935.255859375,1,-935.255859375,1,0,0,0,0,,0
F3B50AA68BA86324E053BB15000A0390,02-FEB-23 09.18.11.637639000 AM,[unsupported data type],207,2,8461323895330178444,tf,1675329491635,-664.3642578125,1,-664.3642578125,1,0,0,0,0,,0
F3B50AA68B726324E053BB15000A0390,02-FEB-23 09.18.08.703490000 AM,[unsupported data type],147,2,8461323895330178444,tf,1675329488701,-857.74755859375,1,-857.74755859375,1,0,0,0,0,,0
F3B50AA68B746324E053BB15000A0390,02-FEB-23 09.18.08.814768000 AM,[unsupported data type],149,2,8461323895330178444,tf,1675329488812,-850.56787109375,1,-850.56787109375,1,0,0,0,0,,0
F3B50AA68B766324E053BB15000A0390,02-FEB-23 09.18.08.924594000 AM,[unsupported data type],152,2,8461323895330178444,tf,1675329488922,-843.486328125,1,-843.486328125,1,0,0,0,0,,0
F3B50AA68B786324E053BB15000A0390,02-FEB-23 09.18.09.034689000 AM,[unsupported data type],154,2,8461323895330178444,tf,1675329489032,-836.357421875,1,-836.357421875,1,0,0,0,0,,0
F3B50AA68B7A6324E053BB15000A0390,02-FEB-23 09.18.09.147604000 AM,[unsupported data type],156,2,8461323895330178444,tf,1675329489145,-829.0771484375,1,-829.0771484375,1,0,0,0,0,,0
F3B50AA68B7C6324E053BB15000A0390,02-FEB-23 09.18.09.258658000 AM,[unsupported data type],158,2,8461323895330178444,tf,1675329489256,-821.771484375,1,-821.771484375,1,0,0,0,0,,0
F3B50AA68B7E6324E053BB15000A0390,02-FEB-23 09.18.09.368268000 AM,[unsupported data type],160,2,8461323895330178444,tf,1675329489366,-814.51318359375,1,-814.51318359375,1,0,0,0,0,,0
F3B50AA68B806324E053BB15000A0390,02-FEB-23 09.18.09.479153000 AM,[unsupported data type],163,2,8461323895330178444,tf,1675329489476,-807.1826171875,1,-807.1826171875,1,0,0,0,0,,0
F3B50AA68B826324E053BB15000A0390,02-FEB-23 09.18.09.588540000 AM,[unsupported data type],165,2,8461323895330178444,tf,1675329489586,-799.890625,1,-799.890625,1,0,0,0,0,,0
F3B50AA68B866324E053BB15000A0390,02-FEB-23 09.18.09.810269000 AM,[unsupported data type],169,2,8461323895330178444,tf,1675329489808,-785.078125,1,-785.078125,1,0,0,0,0,,0
F3B50AA68B886324E053BB15000A0390,02-FEB-23 09.18.09.931691000 AM,[unsupported data type],172,2,8461323895330178444,tf,1675329489919,-777.58203125,1,-777.58203125,1,0,0,0,0,,0
F3B50AA68B896324E053BB15000A0390,02-FEB-23 09.18.09.968190000 AM,[unsupported data type],173,2,8461323895330178444,tf,1675329489966,-774.4677734375,1,-774.4677734375,1,0,0,0,0,,0
F3B50AA68B8B6324E053BB15000A0390,02-FEB-23 09.18.10.077563000 AM,[unsupported data type],175,2,8461323895330178444,tf,1675329490075,-767.2548828125,1,-767.2548828125,1,0,0,0,0,,0
F3B50AA68B8D6324E053BB15000A0390,02-FEB-23 09.18.10.186339000 AM,[unsupported data type],177,2,8461323895330178444,tf,1675329490184,-759.99462890625,1,-759.99462890625,1,0,0,0,0,,0
F3B50AA68B8F6324E053BB15000A0390,02-FEB-23 09.18.10.293427000 AM,[unsupported data type],179,2,8461323895330178444,tf,1675329490291,-752.8828125,1,-752.8828125,1,0,0,0,0,,0
F3B50AA68C97669FE053BB15000A09F5,02-FEB-23 09.18.08.526896000 AM,[unsupported data type],144,2,8461323895330178444,tf,1675329488524,-869.10498046875,1,-869.10498046875,1,0,0,0,0,,0
F3B50AA6C96B66A1E053BB15000AC4D9,02-FEB-23 09.18.08.639393000 AM,[unsupported data type],146,2,8461323895330178444,tf,1675329488637,-861.88330078125,1,-861.88330078125,1,0,0,0,0,,0
F3B50AA6C96D66A1E053BB15000AC4D9,02-FEB-23 09.18.08.751591000 AM,[unsupported data type],148,2,8461323895330178444,tf,1675329488749,-854.6669921875,1,-854.6669921875,1,0,0,0,0,,0
F3B50AA6C96F66A1E053BB15000AC4D9,02-FEB-23 09.18.08.861593000 AM,[unsupported data type],150,2,8461323895330178444,tf,1675329488859,-847.52783203125,1,-847.52783203125,1,0,0,0,0,,0
F3B50AA6C97166A1E053BB15000AC4D9,02-FEB-23 09.18.08.971654000 AM,[unsupported data type],153,2,8461323895330178444,tf,1675329488969,-840.44140625,1,-840.44140625,1,0,0,0,0,,0
F3B50AA6C97366A1E053BB15000AC4D9,02-FEB-23 09.18.09.082118000 AM,[unsupported data type],155,2,8461323895330178444,tf,1675329489080,-833.25048828125,1,-833.25048828125,1,0,0,0,0,,0
F3B50AA6C97566A1E053BB15000AC4D9,02-FEB-23 09.18.09.194966000 AM,[unsupported data type],157,2,8461323895330178444,tf,1675329489192,-825.927734375,1,-825.927734375,1,0,0,0,0,,0
F3B50AA6C97766A1E053BB15000AC4D9,02-FEB-23 09.18.09.305640000 AM,[unsupported data type],159,2,8461323895330178444,tf,1675329489303,-818.67578125,1,-818.67578125,1,0,0,0,0,,0
F3B50AA6C97966A1E053BB15000AC4D9,02-FEB-23 09.18.09.416249000 AM,[unsupported data type],162,2,8461323895330178444,tf,1675329489413,-811.37060546875,1,-811.37060546875,1,0,0,0,0,,0
F3B50AA68CA9669FE053BB15000A09F5,02-FEB-23 09.18.09.526215000 AM,[unsupported data type],164,2,8461323895330178444,tf,1675329489523,-804.04296875,1,-804.04296875,1,0,0,0,0,,0
F3B50AA6C97D66A1E053BB15000AC4D9,02-FEB-23 09.18.09.651515000 AM,[unsupported data type],166,2,8461323895330178444,tf,1675329489633,-796.791015625,1,-796.791015625,1,0,0,0,0,,0
F3B50AA6C97E66A1E053BB15000AC4D9,02-FEB-23 09.18.09.698247000 AM,[unsupported data type],167,2,8461323895330178444,tf,1675329489695,-792.619140625,1,-792.619140625,1,0,0,0,0,,0
F3B50AA68CAD669FE053BB15000A09F5,02-FEB-23 09.18.09.746212000 AM,[unsupported data type],168,2,8461323895330178444,tf,1675329489744,-789.4228515625,1,-789.4228515625,1,0,0,0,0,,0
F3B50AA68CAF669FE053BB15000A09F5,02-FEB-23 09.18.09.858678000 AM,[unsupported data type],170,2,8461323895330178444,tf,1675329489856,-781.82861328125,1,-781.82861328125,1,0,0,0,0,,0
F3B50AA6C98466A1E053BB15000AC4D9,02-FEB-23 09.18.10.031181000 AM,[unsupported data type],174,2,8461323895330178444,tf,1675329490029,-770.34375,1,-770.34375,1,0,0,0,0,,0
F3B50AA68C5E669FE053BB15000A09F5,02-FEB-23 09.18.05.285026000 AM,[unsupported data type],79,0,8461323895330178444,tf,1675329485282,-5819.5009765625,0,-5819.5009765625,1,0,0,0,0,,0
F3B50AA68C60669FE053BB15000A09F5,02-FEB-23 09.18.05.391571000 AM,[unsupported data type],81,0,8461323895330178444,tf,1675329485389,-5819.5009765625,0,-5819.5009765625,1,0,0,0,0,,0
F3B50AA68C62669FE053BB15000A09F5,02-FEB-23 09.18.05.496812000 AM,[unsupported data type],83,0,8461323895330178444,tf,1675329485494,-5819.5009765625,0,-5819.5009765625,1,0,0,0,0,,0
F3B50AA68C64669FE053BB15000A09F5,02-FEB-23 09.18.05.603849000 AM,[unsupported data type],85,0,8461323895330178444,tf,1675329485601,-5819.5009765625,0,-5819.5009765625,1,0,0,0,0,,0
F3B50AA68C66669FE053BB15000A09F5,02-FEB-23 09.18.05.710046000 AM,[unsupported data type],87,0,8461323895330178444,tf,1675329485707,-5819.5009765625,0,-5819.5009765625,1,0,0,0,0,,0
F3B50AA68C68669FE053BB15000A09F5,02-FEB-23 09.18.05.831300000 AM,[unsupported data type],89,0,8461323895330178444,tf,1675329485813,-5819.5009765625,0,-5819.5009765625,1,0,0,0,0,,0
F3B50AA68C69669FE053BB15000A09F5,02-FEB-23 09.18.05.886370000 AM,[unsupported data type],91,0,8461323895330178444,tf,1675329485884,-5819.5009765625,0,-5819.5009765625,1,0,0,0,0,,0
F3B50AA68C6D669FE053BB15000A09F5,02-FEB-23 09.18.06.098085000 AM,[unsupported data type],95,0,8461323895330178444,tf,1675329486095,-5819.5009765625,0,-5819.5009765625,1,0,0,0,0,,0
F3B50AA68C6F669FE053BB15000A09F5,02-FEB-23 09.18.06.204959000 AM,[unsupported data type],97,2,8461323895330178444,tf,1675329486202,-1056.32275390625,1,-1056.32275390625,1,0,0,0,0,,0
F3B50AA68C70669FE053BB15000A09F5,02-FEB-23 09.18.06.239141000 AM,[unsupported data type],98,2,8461323895330178444,tf,1675329486237,-1053.28369140625,1,-1053.28369140625,1,0,0,0,0,,0
F3B50AA68C72669FE053BB15000A09F5,02-FEB-23 09.18.06.404189000 AM,[unsupported data type],102,2,8461323895330178444,tf,1675329486396,-1034.15576171875,1,-1034.15576171875,1,0,0,0,0,,0
F3B50AA68C74669FE053BB15000A09F5,02-FEB-23 09.18.06.614116000 AM,[unsupported data type],106,2,8461323895330178444,tf,1675329486611,-1016.505859375,1,-1016.505859375,1,0,0,0,0,,0
F3B50AA68C79669FE053BB15000A09F5,02-FEB-23 09.18.06.894605000 AM,[unsupported data type],112,2,8461323895330178444,tf,1675329486892,-992.35693359375,1,-992.35693359375,1,0,0,0,0,,0
F3B50AA68C7E669FE053BB15000A09F5,02-FEB-23 09.18.07.191783000 AM,[unsupported data type],117,2,8461323895330178444,tf,1675329487189,-966.75,1,-966.75,1,0,0,0,0,,0
F3B50AA68C81669FE053BB15000A09F5,02-FEB-23 09.18.07.357353000 AM,[unsupported data type],120,2,8461323895330178444,tf,1675329487355,-952.4375,1,-952.4375,1,0,0,0,0,,0
F3B50AA68C83669FE053BB15000A09F5,02-FEB-23 09.18.07.458990000 AM,[unsupported data type],123,2,8461323895330178444,tf,1675329487456,-943.74267578125,1,-943.74267578125,1,0,0,0,0,,0
F3B50AA68C87669FE053BB15000A09F5,02-FEB-23 09.18.07.664025000 AM,[unsupported data type],127,2,8461323895330178444,tf,1675329487660,-927.177734375,1,-927.177734375,1,0,0,0,0,,0
F3B50AA68C90669FE053BB15000A09F5,02-FEB-23 09.18.08.134563000 AM,[unsupported data type],136,2,8461323895330178444,tf,1675329488132,-893.96435546875,1,-893.96435546875,1,0,0,0,0,,0
F3B50AA68C92669FE053BB15000A09F5,02-FEB-23 09.18.08.251146000 AM,[unsupported data type],138,2,8461323895330178444,tf,1675329488248,-886.53564453125,1,-886.53564453125,1,0,0,0,0,,0
F3B50AA6C98666A1E053BB15000AC4D9,02-FEB-23 09.18.10.139953000 AM,[unsupported data type],176,2,8461323895330178444,tf,1675329490137,-763.123046875,1,-763.123046875,1,0,0,0,0,,0
F3B50AA6C98866A1E053BB15000AC4D9,02-FEB-23 09.18.10.247816000 AM,[unsupported data type],178,2,8461323895330178444,tf,1675329490245,-755.89892578125,1,-755.89892578125,1,0,0,0,0,,0
F3B50AA68B916324E053BB15000A0390,02-FEB-23 09.18.10.400031000 AM,[unsupported data type],181,2,8461323895330178444,tf,1675329490397,-745.97119140625,1,-745.97119140625,1,0,0,0,0,,0
F3B50AA6C98C66A1E053BB15000AC4D9,02-FEB-23 09.18.10.460934000 AM,[unsupported data type],182,2,8461323895330178444,tf,1675329490458,-742.05322265625,1,-742.05322265625,1,0,0,0,0,,0
F3B50AA6C98D66A1E053BB15000AC4D9,02-FEB-23 09.18.10.506220000 AM,[unsupported data type],183,2,8461323895330178444,tf,1675329490504,-739.11572265625,1,-739.11572265625,1,0,0,0,0,,0
F3B50AA68B976324E053BB15000A0390,02-FEB-23 09.18.10.717467000 AM,[unsupported data type],187,2,8461323895330178444,tf,1675329490715,-725.6396484375,1,-725.6396484375,1,0,0,0,0,,0
F3B50AA6C99266A1E053BB15000AC4D9,02-FEB-23 09.18.10.777123000 AM,[unsupported data type],188,2,8461323895330178444,tf,1675329490774,-721.87158203125,1,-721.87158203125,1,0,0,0,0,,0
F3B50AA68B996324E053BB15000A0390,02-FEB-23 09.18.10.821946000 AM,[unsupported data type],189,2,8461323895330178444,tf,1675329490819,-719.05078125,1,-719.05078125,1,0,0,0,0,,0
F3B50AA6C99466A1E053BB15000AC4D9,02-FEB-23 09.18.10.883156000 AM,[unsupported data type],190,2,8461323895330178444,tf,1675329490880,-715.24169921875,1,-715.24169921875,1,0,0,0,0,,0
F3B50AA68B9C6324E053BB15000A0390,02-FEB-23 09.18.10.991190000 AM,[unsupported data type],193,2,8461323895330178444,tf,1675329490988,-708.3466796875,1,-708.3466796875,1,0,0,0,0,,0
F3B50AA6C99966A1E053BB15000AC4D9,02-FEB-23 09.18.11.143137000 AM,[unsupported data type],196,2,8461323895330178444,tf,1675329491140,-698.3076171875,1,-698.3076171875,1,0,0,0,0,,0
F3B50AA6C9A566A1E053BB15000AC4D9,02-FEB-23 09.18.11.794460000 AM,[unsupported data type],210,2,8461323895330178444,tf,1675329491792,-653.1669921875,1,-653.1669921875,1,0,0,0,0,,0
F3B50AA6C9A866A1E053BB15000AC4D9,02-FEB-23 09.18.11.966714000 AM,[unsupported data type],213,2,8461323895330178444,tf,1675329491964,-640.71240234375,1,-640.71240234375,1,0,0,0,0,,0
F3B50AA6C9AB66A1E053BB15000AC4D9,02-FEB-23 09.18.12.126517000 AM,[unsupported data type],216,2,8461323895330178444,tf,1675329492124,-629.15869140625,1,-629.15869140625,1,0,0,0,0,,0
F3B50AA6C9AD66A1E053BB15000AC4D9,02-FEB-23 09.18.12.240961000 AM,[unsupported data type],218,2,8461323895330178444,tf,1675329492238,-620.84912109375,1,-620.84912109375,1,0,0,0,0,,0
F3B50AA6C9AF66A1E053BB15000AC4D9,02-FEB-23 09.18.12.356904000 AM,[unsupported data type],220,2,8461323895330178444,tf,1675329492354,-612.36865234375,1,-612.36865234375,1,0,0,0,0,,0
F3B50AA6C9B266A1E053BB15000AC4D9,02-FEB-23 09.18.12.538285000 AM,[unsupported data type],224,2,8461323895330178444,tf,1675329492534,-598.8876953125,1,-598.8876953125,1,0,0,0,0,,0
F3B50AA6C9B466A1E053BB15000AC4D9,02-FEB-23 09.18.12.651960000 AM,[unsupported data type],226,2,8461323895330178444,tf,1675329492649,-590.291015625,1,-590.291015625,1,0,0,0,0,,0
F3B50AA6C9B666A1E053BB15000AC4D9,02-FEB-23 09.18.12.766229000 AM,[unsupported data type],228,2,8461323895330178444,tf,1675329492764,-581.67431640625,1,-581.67431640625,1,0,0,0,0,,0
F3B50AA6C9B866A1E053BB15000AC4D9,02-FEB-23 09.18.12.882158000 AM,[unsupported data type],230,2,8461323895330178444,tf,1675329492879,-573.04541015625,1,-573.04541015625,1,0,0,0,0,,0
F3B50AA6C9BA66A1E053BB15000AC4D9,02-FEB-23 09.18.12.981025000 AM,[unsupported data type],233,2,8461323895330178444,tf,1675329492978,-565.498046875,1,-565.498046875,1,0,0,0,0,,0
F3B50AA6C9BD66A1E053BB15000AC4D9,02-FEB-23 09.18.13.146342000 AM,[unsupported data type],236,2,8461323895330178444,tf,1675329493144,-552.85009765625,1,-552.85009765625,1,0,0,0,0,,0
F3B50AA6C9BF66A1E053BB15000AC4D9,02-FEB-23 09.18.13.258656000 AM,[unsupported data type],238,2,8461323895330178444,tf,1675329493256,-544.1083984375,1,-544.1083984375,1,0,0,0,0,,0
F3B50AA6C9C466A1E053BB15000AC4D9,02-FEB-23 09.18.13.549166000 AM,[unsupported data type],244,2,8461323895330178444,tf,1675329493544,-521.9755859375,1,-521.9755859375,1,0,0,0,0,,0
F3B50AA6C9C966A1E053BB15000AC4D9,02-FEB-23 09.18.13.805612000 AM,[unsupported data type],249,2,8461323895330178444,tf,1675329493802,-502.25341796875,1,-502.25341796875,1,0,0,0,0,,0
F3B50AA6C9D166A1E053BB15000AC4D9,02-FEB-23 09.18.14.227250000 AM,[unsupported data type],258,2,8461323895330178444,tf,1675329494225,-468.55126953125,1,-468.55126953125,1,0,0,0,0,,0
F3B50AA68D1A669FE053BB15000A09F5,02-FEB-23 09.18.15.688182000 AM,[unsupported data type],288,2,8461323895330178444,tf,1675329495686,-378.84228515625,1,-378.84228515625,1,0,0,0,0,,0
F3B50AA68D1B669FE053BB15000A09F5,02-FEB-23 09.18.15.738241000 AM,[unsupported data type],289,2,8461323895330178444,tf,1675329495736,-376.9990234375,1,-376.9990234375,1,0,0,0,0,,0
F3B50AA68D22669FE053BB15000A09F5,02-FEB-23 09.18.16.145441000 AM,[unsupported data type],297,2,8461323895330178444,tf,1675329496142,-364.1640625,1,-364.1640625,1,0,0,0,0,,0
F3B50AA68D24669FE053BB15000A09F5,02-FEB-23 09.18.16.258301000 AM,[unsupported data type],299,2,8461323895330178444,tf,1675329496255,-361.00634765625,1,-361.00634765625,1,0,0,0,0,,0
F3B50AA68D26669FE053BB15000A09F5,02-FEB-23 09.18.16.370220000 AM,[unsupported data type],302,2,8461323895330178444,tf,1675329496368,-357.84326171875,1,-357.84326171875,1,0,0,0,0,,0
F3B50AA68D28669FE053BB15000A09F5,02-FEB-23 09.18.16.481731000 AM,[unsupported data type],305,2,8461323895330178444,tf,1675329496479,-354.2373046875,1,-354.2373046875,1,0,0,0,0,,0
F3B50AA68D2A669FE053BB15000A09F5,02-FEB-23 09.18.16.593252000 AM,[unsupported data type],307,2,8461323895330178444,tf,1675329496591,-350.6650390625,1,-350.6650390625,1,0,0,0,0,,0
F3B50AA68D2C669FE053BB15000A09F5,02-FEB-23 09.18.16.704114000 AM,[unsupported data type],309,2,8461323895330178444,tf,1675329496701,-346.82177734375,1,-346.82177734375,1,0,0,0,0,,0
F3B50AA68D33669FE053BB15000A09F5,02-FEB-23 09.18.17.081842000 AM,[unsupported data type],317,2,8461323895330178444,tf,1675329497079,-335.66015625,1,-335.66015625,1,0,0,0,0,,0
F3B50AA6CA0666A1E053BB15000AC4D9,02-FEB-23 09.18.17.145263000 AM,[unsupported data type],318,2,8461323895330178444,tf,1675329497142,-333.93212890625,1,-333.93212890625,1,0,0,0,0,,0
F3B50AA68D35669FE053BB15000A09F5,02-FEB-23 09.18.17.192963000 AM,[unsupported data type],319,2,8461323895330178444,tf,1675329497190,-332.7275390625,1,-332.7275390625,1,0,0,0,0,,0
F3B50AA6CA0866A1E053BB15000AC4D9,02-FEB-23 09.18.17.257242000 AM,[unsupported data type],320,2,8461323895330178444,tf,1675329497254,-331.09326171875,1,-331.09326171875,1,0,0,0,0,,0
F3B50AA68C0F6324E053BB15000A0390,02-FEB-23 09.18.17.305442000 AM,[unsupported data type],321,2,8461323895330178444,tf,1675329497302,-329.84765625,1,-329.84765625,1,0,0,0,0,,0
F3B50AA6CA0A66A1E053BB15000AC4D9,02-FEB-23 09.18.17.369621000 AM,[unsupported data type],322,2,8461323895330178444,tf,1675329497366,-328.15576171875,1,-328.15576171875,1,0,0,0,0,,0
F3B50AA68C116324E053BB15000A0390,02-FEB-23 09.18.17.417523000 AM,[unsupported data type],323,2,8461323895330178444,tf,1675329497415,-326.85400390625,1,-326.85400390625,1,0,0,0,0,,0
F3B50AA68BAC6324E053BB15000A0390,02-FEB-23 09.18.11.857797000 AM,[unsupported data type],211,2,8461323895330178444,tf,1675329491854,-648.609375,1,-648.609375,1,0,0,0,0,,0
F3B50AA68BAF6324E053BB15000A0390,02-FEB-23 09.18.12.014406000 AM,[unsupported data type],214,2,8461323895330178444,tf,1675329492011,-637.2880859375,1,-637.2880859375,1,0,0,0,0,,0
F3B50AA68BB26324E053BB15000A0390,02-FEB-23 09.18.12.192974000 AM,[unsupported data type],217,2,8461323895330178444,tf,1675329492190,-624.4189453125,1,-624.4189453125,1,0,0,0,0,,0
F3B50AA68BB46324E053BB15000A0390,02-FEB-23 09.18.12.307298000 AM,[unsupported data type],219,2,8461323895330178444,tf,1675329492304,-616.033203125,1,-616.033203125,1,0,0,0,0,,0
F3B50AA68BB66324E053BB15000A0390,02-FEB-23 09.18.12.421799000 AM,[unsupported data type],222,2,8461323895330178444,tf,1675329492419,-607.4755859375,1,-607.4755859375,1,0,0,0,0,,0
F3B50AA68BBF6324E053BB15000A0390,02-FEB-23 09.18.12.931174000 AM,[unsupported data type],232,2,8461323895330178444,tf,1675329492928,-569.2880859375,1,-569.2880859375,1,0,0,0,0,,0
F3B50AA68BC16324E053BB15000A0390,02-FEB-23 09.18.13.031137000 AM,[unsupported data type],234,2,8461323895330178444,tf,1675329493028,-561.701171875,1,-561.701171875,1,0,0,0,0,,0
F3B50AA68BC76324E053BB15000A0390,02-FEB-23 09.18.13.370487000 AM,[unsupported data type],240,2,8461323895330178444,tf,1675329493368,-535.490234375,1,-535.490234375,1,0,0,0,0,,0
F3B50AA68BC96324E053BB15000A0390,02-FEB-23 09.18.13.482458000 AM,[unsupported data type],243,2,8461323895330178444,tf,1675329493479,-526.93017578125,1,-526.93017578125,1,0,0,0,0,,0
F3B50AA68BCB6324E053BB15000A0390,02-FEB-23 09.18.13.598730000 AM,[unsupported data type],245,2,8461323895330178444,tf,1675329493594,-518.1845703125,1,-518.1845703125,1,0,0,0,0,,0
F3B50AA68BCC6324E053BB15000A0390,02-FEB-23 09.18.13.648852000 AM,[unsupported data type],246,2,8461323895330178444,tf,1675329493644,-514.33447265625,1,-514.33447265625,1,0,0,0,0,,0
F3B50AA68BCD6324E053BB15000A0390,02-FEB-23 09.18.13.700629000 AM,[unsupported data type],247,2,8461323895330178444,tf,1675329493696,-510.396484375,1,-510.396484375,1,0,0,0,0,,0
F3B50AA68BD06324E053BB15000A0390,02-FEB-23 09.18.13.857990000 AM,[unsupported data type],250,2,8461323895330178444,tf,1675329493855,-498.068359375,1,-498.068359375,1,0,0,0,0,,0
F3B50AA68BD16324E053BB15000A0390,02-FEB-23 09.18.13.909351000 AM,[unsupported data type],251,2,8461323895330178444,tf,1675329493907,-493.908203125,1,-493.908203125,1,0,0,0,0,,0
F3B50AA68BD36324E053BB15000A0390,02-FEB-23 09.18.14.011623000 AM,[unsupported data type],254,2,8461323895330178444,tf,1675329494009,-485.76513671875,1,-485.76513671875,1,0,0,0,0,,0
F3B50AA68BD56324E053BB15000A0390,02-FEB-23 09.18.14.126459000 AM,[unsupported data type],256,2,8461323895330178444,tf,1675329494124,-476.4873046875,1,-476.4873046875,1,0,0,0,0,,0
F3B50AA68BD96324E053BB15000A0390,02-FEB-23 09.18.14.344125000 AM,[unsupported data type],260,2,8461323895330178444,tf,1675329494341,-459.2041015625,1,-459.2041015625,1,0,0,0,0,,0
F3B50AA68BDB6324E053BB15000A0390,02-FEB-23 09.18.14.459815000 AM,[unsupported data type],263,2,8461323895330178444,tf,1675329494457,-449.83349609375,1,-449.83349609375,1,0,0,0,0,,0
F3B50AA68BDD6324E053BB15000A0390,02-FEB-23 09.18.14.562049000 AM,[unsupported data type],265,2,8461323895330178444,tf,1675329494559,-441.9755859375,1,-441.9755859375,1,0,0,0,0,,0
F3B50AA68BDF6324E053BB15000A0390,02-FEB-23 09.18.14.663854000 AM,[unsupported data type],267,2,8461323895330178444,tf,1675329494661,-434.29345703125,1,-434.29345703125,1,0,0,0,0,,0
F3B50AA68BE16324E053BB15000A0390,02-FEB-23 09.18.14.768622000 AM,[unsupported data type],269,2,8461323895330178444,tf,1675329494765,-426.89501953125,1,-426.89501953125,1,0,0,0,0,,0
F3B50AA68BE86324E053BB15000A0390,02-FEB-23 09.18.15.138746000 AM,[unsupported data type],277,2,8461323895330178444,tf,1675329495136,-403.75,1,-403.75,1,0,0,0,0,,0
F3B50AA68BEA6324E053BB15000A0390,02-FEB-23 09.18.15.255463000 AM,[unsupported data type],279,2,8461323895330178444,tf,1675329495253,-397.61181640625,1,-397.61181640625,1,0,0,0,0,,0
F3B50AA68BEC6324E053BB15000A0390,02-FEB-23 09.18.15.371142000 AM,[unsupported data type],281,2,8461323895330178444,tf,1675329495368,-392.01025390625,1,-392.01025390625,1,0,0,0,0,,0
F3B50AA68BEE6324E053BB15000A0390,02-FEB-23 09.18.15.487825000 AM,[unsupported data type],284,2,8461323895330178444,tf,1675329495485,-386.85546875,1,-386.85546875,1,0,0,0,0,,0
F3B50AA68BF06324E053BB15000A0390,02-FEB-23 09.18.15.588495000 AM,[unsupported data type],286,2,8461323895330178444,tf,1675329495585,-382.7275390625,1,-382.7275390625,1,0,0,0,0,,0
F3B50AA68BF16324E053BB15000A0390,02-FEB-23 09.18.15.637884000 AM,[unsupported data type],287,2,8461323895330178444,tf,1675329495635,-380.755859375,1,-380.755859375,1,0,0,0,0,,0
F3B50AA68BF56324E053BB15000A0390,02-FEB-23 09.18.15.853134000 AM,[unsupported data type],291,2,8461323895330178444,tf,1675329495850,-373.00048828125,1,-373.00048828125,1,0,0,0,0,,0
F3B50AA68BF66324E053BB15000A0390,02-FEB-23 09.18.15.919713000 AM,[unsupported data type],292,2,8461323895330178444,tf,1675329495915,-370.90673828125,1,-370.90673828125,1,0,0,0,0,,0
F3B50AA68BF76324E053BB15000A0390,02-FEB-23 09.18.15.966264000 AM,[unsupported data type],294,2,8461323895330178444,tf,1675329495963,-369.4052734375,1,-369.4052734375,1,0,0,0,0,,0
F3B50AA68CD1669FE053BB15000A09F5,02-FEB-23 09.18.11.684828000 AM,[unsupported data type],208,2,8461323895330178444,tf,1675329491682,-661.03125,1,-661.03125,1,0,0,0,0,,0
F3B50AA68CD2669FE053BB15000A09F5,02-FEB-23 09.18.11.747437000 AM,[unsupported data type],209,2,8461323895330178444,tf,1675329491744,-656.56005859375,1,-656.56005859375,1,0,0,0,0,,0
F3B50AA68CD5669FE053BB15000A09F5,02-FEB-23 09.18.11.903933000 AM,[unsupported data type],212,2,8461323895330178444,tf,1675329491901,-645.22998046875,1,-645.22998046875,1,0,0,0,0,,0
F3B50AA68CD8669FE053BB15000A09F5,02-FEB-23 09.18.12.079094000 AM,[unsupported data type],215,2,8461323895330178444,tf,1675329492076,-632.67041015625,1,-632.67041015625,1,0,0,0,0,,0
F3B50AA68CDF669FE053BB15000A09F5,02-FEB-23 09.18.12.471826000 AM,[unsupported data type],223,2,8461323895330178444,tf,1675329492469,-603.806640625,1,-603.806640625,1,0,0,0,0,,0
F3B50AA68CE1669FE053BB15000A09F5,02-FEB-23 09.18.12.587313000 AM,[unsupported data type],225,2,8461323895330178444,tf,1675329492584,-595.203125,1,-595.203125,1,0,0,0,0,,0
F3B50AA68CE3669FE053BB15000A09F5,02-FEB-23 09.18.12.701296000 AM,[unsupported data type],227,2,8461323895330178444,tf,1675329492699,-586.58837890625,1,-586.58837890625,1,0,0,0,0,,0
F3B50AA68CE5669FE053BB15000A09F5,02-FEB-23 09.18.12.815155000 AM,[unsupported data type],229,2,8461323895330178444,tf,1675329492812,-577.990234375,1,-577.990234375,1,0,0,0,0,,0
F3B50AA68CEA669FE053BB15000A09F5,02-FEB-23 09.18.13.097035000 AM,[unsupported data type],235,2,8461323895330178444,tf,1675329493094,-556.64208984375,1,-556.64208984375,1,0,0,0,0,,0
F3B50AA68CEC669FE053BB15000A09F5,02-FEB-23 09.18.13.211129000 AM,[unsupported data type],237,2,8461323895330178444,tf,1675329493208,-547.82568359375,1,-547.82568359375,1,0,0,0,0,,0
F3B50AA68CEE669FE053BB15000A09F5,02-FEB-23 09.18.13.323043000 AM,[unsupported data type],239,2,8461323895330178444,tf,1675329493320,-539.1767578125,1,-539.1767578125,1,0,0,0,0,,0
F3B50AA68CF0669FE053BB15000A09F5,02-FEB-23 09.18.13.433722000 AM,[unsupported data type],242,2,8461323895330178444,tf,1675329493431,-530.60009765625,1,-530.60009765625,1,0,0,0,0,,0
F3B50AA68CF6669FE053BB15000A09F5,02-FEB-23 09.18.13.752788000 AM,[unsupported data type],248,2,8461323895330178444,tf,1675329493748,-506.375,1,-506.375,1,0,0,0,0,,0
F3B50AA68CFA669FE053BB15000A09F5,02-FEB-23 09.18.13.960390000 AM,[unsupported data type],253,2,8461323895330178444,tf,1675329493958,-489.82275390625,1,-489.82275390625,1,0,0,0,0,,0
F3B50AA68CFC669FE053BB15000A09F5,02-FEB-23 09.18.14.060969000 AM,[unsupported data type],255,2,8461323895330178444,tf,1675329494058,-481.74951171875,1,-481.74951171875,1,0,0,0,0,,0
F3B50AA68CFE669FE053BB15000A09F5,02-FEB-23 09.18.14.176816000 AM,[unsupported data type],257,2,8461323895330178444,tf,1675329494174,-472.5341796875,1,-472.5341796875,1,0,0,0,0,,0
F3B50AA68D00669FE053BB15000A09F5,02-FEB-23 09.18.14.293426000 AM,[unsupported data type],259,2,8461323895330178444,tf,1675329494291,-463.21875,1,-463.21875,1,0,0,0,0,,0
F3B50AA68D02669FE053BB15000A09F5,02-FEB-23 09.18.14.410440000 AM,[unsupported data type],261,2,8461323895330178444,tf,1675329494408,-453.828125,1,-453.828125,1,0,0,0,0,,0
F3B50AA68D04669FE053BB15000A09F5,02-FEB-23 09.18.14.510738000 AM,[unsupported data type],264,2,8461323895330178444,tf,1675329494508,-445.89404296875,1,-445.89404296875,1,0,0,0,0,,0
F3B50AA6C9D866A1E053BB15000AC4D9,02-FEB-23 09.18.14.612464000 AM,[unsupported data type],266,2,8461323895330178444,tf,1675329494610,-438.10498046875,1,-438.10498046875,1,0,0,0,0,,0
F3B50AA68D08669FE053BB15000A09F5,02-FEB-23 09.18.14.715447000 AM,[unsupported data type],268,2,8461323895330178444,tf,1675329494713,-430.5439453125,1,-430.5439453125,1,0,0,0,0,,0
F3B50AA6C9DC66A1E053BB15000AC4D9,02-FEB-23 09.18.14.818746000 AM,[unsupported data type],270,2,8461323895330178444,tf,1675329494815,-423.3916015625,1,-423.3916015625,1,0,0,0,0,,0
F3B50AA68D0B669FE053BB15000A09F5,02-FEB-23 09.18.14.869323000 AM,[unsupported data type],271,2,8461323895330178444,tf,1675329494865,-420.02001953125,1,-420.02001953125,1,0,0,0,0,,0
F3B50AA68D0C669FE053BB15000A09F5,02-FEB-23 09.18.14.920792000 AM,[unsupported data type],272,2,8461323895330178444,tf,1675329494917,-416.755859375,1,-416.755859375,1,0,0,0,0,,0
F3B50AA68D0D669FE053BB15000A09F5,02-FEB-23 09.18.14.970382000 AM,[unsupported data type],274,2,8461323895330178444,tf,1675329494968,-413.5771484375,1,-413.5771484375,1,0,0,0,0,,0
F3B50AA6C9E066A1E053BB15000AC4D9,02-FEB-23 09.18.15.022221000 AM,[unsupported data type],275,2,8461323895330178444,tf,1675329495020,-410.48388671875,1,-410.48388671875,1,0,0,0,0,,0
F3B50AA68D0F669FE053BB15000A09F5,02-FEB-23 09.18.15.072648000 AM,[unsupported data type],276,2,8461323895330178444,tf,1675329495070,-407.50732421875,1,-407.50732421875,1,0,0,0,0,,0
F3B50AA68D11669FE053BB15000A09F5,02-FEB-23 09.18.15.188943000 AM,[unsupported data type],278,2,8461323895330178444,tf,1675329495186,-401.0576171875,1,-401.0576171875,1,0,0,0,0,,0
F3B50AA68D13669FE053BB15000A09F5,02-FEB-23 09.18.15.305675000 AM,[unsupported data type],280,2,8461323895330178444,tf,1675329495303,-395.1435546875,1,-395.1435546875,1,0,0,0,0,,0
F3B50AA6C9E766A1E053BB15000AC4D9,02-FEB-23 09.18.15.420830000 AM,[unsupported data type],282,2,8461323895330178444,tf,1675329495418,-389.76171875,1,-389.76171875,1,0,0,0,0,,0
F3B50AA6C9E966A1E053BB15000AC4D9,02-FEB-23 09.18.15.539061000 AM,[unsupported data type],285,2,8461323895330178444,tf,1675329495535,-384.75830078125,1,-384.75830078125,1,0,0,0,0,,0
F3B50AA6C9EE66A1E053BB15000AC4D9,02-FEB-23 09.18.15.804812000 AM,[unsupported data type],290,2,8461323895330178444,tf,1675329495802,-374.65771484375,1,-374.65771484375,1,0,0,0,0,,0
F3B50AA6C9F266A1E053BB15000AC4D9,02-FEB-23 09.18.16.031248000 AM,[unsupported data type],295,2,8461323895330178444,tf,1675329496028,-367.4609375,1,-367.4609375,1,0,0,0,0,,0
F3B50AA68BF96324E053BB15000A0390,02-FEB-23 09.18.16.080683000 AM,[unsupported data type],296,2,8461323895330178444,tf,1675329496078,-366.03125,1,-366.03125,1,0,0,0,0,,0
F3B50AA68BFB6324E053BB15000A0390,02-FEB-23 09.18.16.193415000 AM,[unsupported data type],298,2,8461323895330178444,tf,1675329496191,-362.7958984375,1,-362.7958984375,1,0,0,0,0,,0
F3B50AA68BFD6324E053BB15000A0390,02-FEB-23 09.18.16.306325000 AM,[unsupported data type],301,2,8461323895330178444,tf,1675329496304,-359.69384765625,1,-359.69384765625,1,0,0,0,0,,0
F3B50AA68BFF6324E053BB15000A0390,02-FEB-23 09.18.16.418101000 AM,[unsupported data type],303,2,8461323895330178444,tf,1675329496416,-356.26513671875,1,-356.26513671875,1,0,0,0,0,,0
F3B50AA68C016324E053BB15000A0390,02-FEB-23 09.18.16.530230000 AM,[unsupported data type],306,2,8461323895330178444,tf,1675329496528,-352.716796875,1,-352.716796875,1,0,0,0,0,,0
F3B50AA68C036324E053BB15000A0390,02-FEB-23 09.18.16.640715000 AM,[unsupported data type],308,2,8461323895330178444,tf,1675329496638,-349.07275390625,1,-349.07275390625,1,0,0,0,0,,0
F3B50AA68C056324E053BB15000A0390,02-FEB-23 09.18.16.751507000 AM,[unsupported data type],310,2,8461323895330178444,tf,1675329496749,-345.28173828125,1,-345.28173828125,1,0,0,0,0,,0
F3B50AA6CA0066A1E053BB15000AC4D9,02-FEB-23 09.18.16.815340000 AM,[unsupported data type],311,2,8461323895330178444,tf,1675329496812,-343.39111328125,1,-343.39111328125,1,0,0,0,0,,0
F3B50AA6CA0166A1E053BB15000AC4D9,02-FEB-23 09.18.16.861835000 AM,[unsupported data type],312,2,8461323895330178444,tf,1675329496859,-342.009765625,1,-342.009765625,1,0,0,0,0,,0
F3B50AA68C086324E053BB15000A0390,02-FEB-23 09.18.16.924355000 AM,[unsupported data type],313,2,8461323895330178444,tf,1675329496922,-340.20166015625,1,-340.20166015625,1,0,0,0,0,,0
F3B50AA6CA0366A1E053BB15000AC4D9,02-FEB-23 09.18.16.988626000 AM,[unsupported data type],315,2,8461323895330178444,tf,1675329496969,-338.85107421875,1,-338.85107421875,1,0,0,0,0,,0
F3B50AA6CA0466A1E053BB15000AC4D9,02-FEB-23 09.18.17.034562000 AM,[unsupported data type],316,2,8461323895330178444,tf,1675329497032,-337.03369140625,1,-337.03369140625,1,0,0,0,0,,0
F3B50AA68C126324E053BB15000A0390,02-FEB-23 09.18.17.483109000 AM,[unsupported data type],325,2,8461323895330178444,tf,1675329497479,-325.07666015625,1,-325.07666015625,1,0,0,0,0,,0
F3B50AA68C136324E053BB15000A0390,02-FEB-23 09.18.17.530472000 AM,[unsupported data type],326,2,8461323895330178444,tf,1675329497528,-323.71484375,1,-323.71484375,1,0,0,0,0,,0
F3B50AA68C156324E053BB15000A0390,02-FEB-23 09.18.17.642938000 AM,[unsupported data type],328,2,8461323895330178444,tf,1675329497640,-320.482421875,1,-320.482421875,1,0,0,0,0,,0
F3B50AA68C176324E053BB15000A0390,02-FEB-23 09.18.17.755517000 AM,[unsupported data type],330,2,8461323895330178444,tf,1675329497753,-317.15185546875,1,-317.15185546875,1,0,0,0,0,,0
F3B50AA68C196324E053BB15000A0390,02-FEB-23 09.18.17.867852000 AM,[unsupported data type],332,2,8461323895330178444,tf,1675329497865,-313.71728515625,1,-313.71728515625,1,0,0,0,0,,0
F3B50AA68C1B6324E053BB15000A0390,02-FEB-23 09.18.17.980607000 AM,[unsupported data type],335,2,8461323895330178444,tf,1675329497978,-310.19091796875,1,-310.19091796875,1,0,0,0,0,,0
F3B50AA68C1D6324E053BB15000A0390,02-FEB-23 09.18.18.094264000 AM,[unsupported data type],337,2,8461323895330178444,tf,1675329498091,-306.55810546875,1,-306.55810546875,1,0,0,0,0,,0
F3B50AA68C226324E053BB15000A0390,02-FEB-23 09.18.18.385844000 AM,[unsupported data type],342,2,8461323895330178444,tf,1675329498382,-295.646484375,1,-295.646484375,1,0,0,0,0,,0
F3B50AA68C246324E053BB15000A0390,02-FEB-23 09.18.18.501015000 AM,[unsupported data type],345,2,8461323895330178444,tf,1675329498498,-291.19580078125,1,-291.19580078125,1,0,0,0,0,,0
F3B50AA68C286324E053BB15000A0390,02-FEB-23 09.18.18.718211000 AM,[unsupported data type],350,2,8461323895330178444,tf,1675329498715,-282.67578125,1,-282.67578125,1,0,0,0,0,,0
F3B50AA68C2A6324E053BB15000A0390,02-FEB-23 09.18.18.820949000 AM,[unsupported data type],352,2,8461323895330178444,tf,1675329498818,-278.7568359375,1,-278.7568359375,1,0,0,0,0,,0
F3B50AA68C336324E053BB15000A0390,02-FEB-23 09.18.19.279188000 AM,[unsupported data type],361,2,8461323895330178444,tf,1675329499277,-261.31396484375,1,-261.31396484375,1,0,0,0,0,,0
F3B50AA68C356324E053BB15000A0390,02-FEB-23 09.18.19.381010000 AM,[unsupported data type],363,2,8461323895330178444,tf,1675329499378,-257.732421875,1,-257.732421875,1,0,0,0,0,,0
F3B50AA68C396324E053BB15000A0390,02-FEB-23 09.18.19.585027000 AM,[unsupported data type],367,2,8461323895330178444,tf,1675329499582,-251.07666015625,1,-251.07666015625,1,0,0,0,0,,0
F3B50AA68C3B6324E053BB15000A0390,02-FEB-23 09.18.19.688813000 AM,[unsupported data type],369,2,8461323895330178444,tf,1675329499686,-247.63720703125,1,-247.63720703125,1,0,0,0,0,,0
F3B50AA6CA3966A1E053BB15000AC4D9,02-FEB-23 09.18.19.897582000 AM,[unsupported data type],373,2,8461323895330178444,tf,1675329499895,-240.53662109375,1,-240.53662109375,1,0,0,0,0,,0
F3B50AA6CA3C66A1E053BB15000AC4D9,02-FEB-23 09.18.20.052214000 AM,[unsupported data type],377,2,8461323895330178444,tf,1675329500050,-235.07470703125,1,-235.07470703125,1,0,0,0,0,,0
F3B50AA6CA3F66A1E053BB15000AC4D9,02-FEB-23 09.18.20.205558000 AM,[unsupported data type],380,2,8461323895330178444,tf,1675329500203,-229.4228515625,1,-229.4228515625,1,0,0,0,0,,0
F3B50AA6CA4166A1E053BB15000AC4D9,02-FEB-23 09.18.20.307203000 AM,[unsupported data type],382,2,8461323895330178444,tf,1675329500305,-225.56396484375,1,-225.56396484375,1,0,0,0,0,,0
F3B50AA6CA4366A1E053BB15000AC4D9,02-FEB-23 09.18.20.409746000 AM,[unsupported data type],384,2,8461323895330178444,tf,1675329500407,-221.6123046875,1,-221.6123046875,1,0,0,0,0,,0
F3B50AA6CA4766A1E053BB15000AC4D9,02-FEB-23 09.18.20.615034000 AM,[unsupported data type],389,2,8461323895330178444,tf,1675329500612,-213.29931640625,1,-213.29931640625,1,0,0,0,0,,0
F3B50AA6CA4C66A1E053BB15000AC4D9,02-FEB-23 09.18.20.867925000 AM,[unsupported data type],394,2,8461323895330178444,tf,1675329500865,-202.4375,1,-202.4375,1,0,0,0,0,,0
F3B50AA6CA5266A1E053BB15000AC4D9,02-FEB-23 09.18.21.178038000 AM,[unsupported data type],401,2,8461323895330178444,tf,1675329501175,-188.7119140625,1,-188.7119140625,1,0,0,0,0,,0
F3B50AA6CA5766A1E053BB15000AC4D9,02-FEB-23 09.18.21.440667000 AM,[unsupported data type],406,2,8461323895330178444,tf,1675329501438,-176.853515625,1,-176.853515625,1,0,0,0,0,,0
F3B50AA6CA5966A1E053BB15000AC4D9,02-FEB-23 09.18.21.543632000 AM,[unsupported data type],408,2,8461323895330178444,tf,1675329501541,-171.9765625,1,-171.9765625,1,0,0,0,0,,0
F3B50AA6CA5B66A1E053BB15000AC4D9,02-FEB-23 09.18.21.646461000 AM,[unsupported data type],410,2,8461323895330178444,tf,1675329501644,-167.00439453125,1,-167.00439453125,1,0,0,0,0,,0
F3B50AA6CA5D66A1E053BB15000AC4D9,02-FEB-23 09.18.21.748715000 AM,[unsupported data type],412,2,8461323895330178444,tf,1675329501746,-161.93017578125,1,-161.93017578125,1,0,0,0,0,,0
F3B50AA6CA6466A1E053BB15000AC4D9,02-FEB-23 09.18.22.108018000 AM,[unsupported data type],420,2,8461323895330178444,tf,1675329502105,-143.29248046875,1,-143.29248046875,1,0,0,0,0,,0
F3B50AA6CA6666A1E053BB15000AC4D9,02-FEB-23 09.18.22.208802000 AM,[unsupported data type],422,2,8461323895330178444,tf,1675329502206,-137.79638671875,1,-137.79638671875,1,0,0,0,0,,0
F3B50AA6CA6966A1E053BB15000AC4D9,02-FEB-23 09.18.22.362407000 AM,[unsupported data type],425,2,8461323895330178444,tf,1675329502359,-129.259765625,1,-129.259765625,1,0,0,0,0,,0
F3B50AA68C7B6324E053BB15000A0390,02-FEB-23 09.18.22.982983000 AM,[unsupported data type],438,2,8461323895330178444,tf,1675329502980,-90.0048828125,1,-90.0048828125,1,0,0,0,0,,0
F3B50AA68DA4669FE053BB15000A09F5,02-FEB-23 09.18.23.037913000 AM,[unsupported data type],440,2,8461323895330178444,tf,1675329503034,-86.48388671875,1,-86.48388671875,1,0,0,0,0,,0
F3B50AA68DA5669FE053BB15000A09F5,02-FEB-23 09.18.23.093001000 AM,[unsupported data type],441,2,8461323895330178444,tf,1675329503089,-83.04541015625,1,-83.04541015625,1,0,0,0,0,,0
F3B50AA68DA6669FE053BB15000A09F5,02-FEB-23 09.18.23.146433000 AM,[unsupported data type],442,2,8461323895330178444,tf,1675329503143,-79.7236328125,1,-79.7236328125,1,0,0,0,0,,0
F3B50AA68C7F6324E053BB15000A0390,02-FEB-23 09.18.23.201553000 AM,[unsupported data type],443,2,8461323895330178444,tf,1675329503198,-76.52783203125,1,-76.52783203125,1,0,0,0,0,,0
F3B50AA6CA7A66A1E053BB15000AC4D9,02-FEB-23 09.18.23.256872000 AM,[unsupported data type],444,2,8461323895330178444,tf,1675329503254,-73.46240234375,1,-73.46240234375,1,0,0,0,0,,0
F3B50AA68DA9669FE053BB15000A09F5,02-FEB-23 09.18.23.312978000 AM,[unsupported data type],445,2,8461323895330178444,tf,1675329503310,-70.42822265625,1,-70.42822265625,1,0,0,0,0,,0
F3B50AA6CA7C66A1E053BB15000AC4D9,02-FEB-23 09.18.23.369808000 AM,[unsupported data type],446,2,8461323895330178444,tf,1675329503367,-67.326171875,1,-67.326171875,1,0,0,0,0,,0
F3B50AA68C836324E053BB15000A0390,02-FEB-23 09.18.23.426257000 AM,[unsupported data type],447,2,8461323895330178444,tf,1675329503423,-64.1650390625,1,-64.1650390625,1,0,0,0,0,,0
F3B50AA68DAC669FE053BB15000A09F5,02-FEB-23 09.18.23.483808000 AM,[unsupported data type],448,2,8461323895330178444,tf,1675329503480,-60.93994140625,1,-60.93994140625,1,0,0,0,0,,0
F3B50AA6CA7F66A1E053BB15000AC4D9,02-FEB-23 09.18.23.541186000 AM,[unsupported data type],450,2,8461323895330178444,tf,1675329503539,-57.65087890625,1,-57.65087890625,1,0,0,0,0,,0
F3B50AA68DAE669FE053BB15000A09F5,02-FEB-23 09.18.23.599859000 AM,[unsupported data type],451,2,8461323895330178444,tf,1675329503597,-54.2880859375,1,-54.2880859375,1,0,0,0,0,,0
F3B50AA6CA8166A1E053BB15000AC4D9,02-FEB-23 09.18.23.658823000 AM,[unsupported data type],452,2,8461323895330178444,tf,1675329503656,-50.87744140625,1,-50.87744140625,1,0,0,0,0,,0
F3B50AA68C886324E053BB15000A0390,02-FEB-23 09.18.23.716961000 AM,[unsupported data type],453,2,8461323895330178444,tf,1675329503714,-47.47412109375,1,-47.47412109375,1,0,0,0,0,,0
F3B50AA68DB1669FE053BB15000A09F5,02-FEB-23 09.18.23.776639000 AM,[unsupported data type],454,2,8461323895330178444,tf,1675329503774,-44.0283203125,1,-44.0283203125,1,0,0,0,0,,0
F3B50AA6CA1066A1E053BB15000AC4D9,02-FEB-23 09.18.17.706706000 AM,[unsupported data type],329,2,8461323895330178444,tf,1675329497704,-318.58984375,1,-318.58984375,1,0,0,0,0,,0
F3B50AA6CA1266A1E053BB15000AC4D9,02-FEB-23 09.18.17.820191000 AM,[unsupported data type],331,2,8461323895330178444,tf,1675329497817,-315.19873046875,1,-315.19873046875,1,0,0,0,0,,0
F3B50AA6CA1466A1E053BB15000AC4D9,02-FEB-23 09.18.17.932416000 AM,[unsupported data type],333,2,8461323895330178444,tf,1675329497930,-311.71875,1,-311.71875,1,0,0,0,0,,0
F3B50AA6CA1666A1E053BB15000AC4D9,02-FEB-23 09.18.18.045294000 AM,[unsupported data type],336,2,8461323895330178444,tf,1675329498042,-308.1259765625,1,-308.1259765625,1,0,0,0,0,,0
F3B50AA6CA1966A1E053BB15000AC4D9,02-FEB-23 09.18.18.206429000 AM,[unsupported data type],339,2,8461323895330178444,tf,1675329498204,-302.48291015625,1,-302.48291015625,1,0,0,0,0,,0
F3B50AA6CA1D66A1E053BB15000AC4D9,02-FEB-23 09.18.18.434843000 AM,[unsupported data type],343,2,8461323895330178444,tf,1675329498432,-293.72802734375,1,-293.72802734375,1,0,0,0,0,,0
F3B50AA6CA2066A1E053BB15000AC4D9,02-FEB-23 09.18.18.616634000 AM,[unsupported data type],348,2,8461323895330178444,tf,1675329498614,-286.533203125,1,-286.533203125,1,0,0,0,0,,0
F3B50AA6CA2566A1E053BB15000AC4D9,02-FEB-23 09.18.18.872129000 AM,[unsupported data type],353,2,8461323895330178444,tf,1675329498869,-276.74462890625,1,-276.74462890625,1,0,0,0,0,,0
F3B50AA6CA2666A1E053BB15000AC4D9,02-FEB-23 09.18.18.923546000 AM,[unsupported data type],354,2,8461323895330178444,tf,1675329498921,-274.69482421875,1,-274.69482421875,1,0,0,0,0,,0
F3B50AA6CA2866A1E053BB15000AC4D9,02-FEB-23 09.18.19.024568000 AM,[unsupported data type],356,2,8461323895330178444,tf,1675329499022,-270.6318359375,1,-270.6318359375,1,0,0,0,0,,0
F3B50AA6CA2A66A1E053BB15000AC4D9,02-FEB-23 09.18.19.126393000 AM,[unsupported data type],358,2,8461323895330178444,tf,1675329499124,-266.8388671875,1,-266.8388671875,1,0,0,0,0,,0
F3B50AA6CA2E66A1E053BB15000AC4D9,02-FEB-23 09.18.19.330056000 AM,[unsupported data type],362,2,8461323895330178444,tf,1675329499327,-259.49853515625,1,-259.49853515625,1,0,0,0,0,,0
F3B50AA6CA3166A1E053BB15000AC4D9,02-FEB-23 09.18.19.483191000 AM,[unsupported data type],365,2,8461323895330178444,tf,1675329499480,-254.427734375,1,-254.427734375,1,0,0,0,0,,0
F3B50AA6CA3266A1E053BB15000AC4D9,02-FEB-23 09.18.19.533445000 AM,[unsupported data type],366,2,8461323895330178444,tf,1675329499531,-252.75830078125,1,-252.75830078125,1,0,0,0,0,,0
F3B50AA68C3E6324E053BB15000A0390,02-FEB-23 09.18.19.846143000 AM,[unsupported data type],372,2,8461323895330178444,tf,1675329499844,-242.33642578125,1,-242.33642578125,1,0,0,0,0,,0
F3B50AA68C406324E053BB15000A0390,02-FEB-23 09.18.19.948824000 AM,[unsupported data type],374,2,8461323895330178444,tf,1675329499946,-238.73291015625,1,-238.73291015625,1,0,0,0,0,,0
F3B50AA68C446324E053BB15000A0390,02-FEB-23 09.18.20.154756000 AM,[unsupported data type],379,2,8461323895330178444,tf,1675329500152,-231.3251953125,1,-231.3251953125,1,0,0,0,0,,0
F3B50AA68C466324E053BB15000A0390,02-FEB-23 09.18.20.256555000 AM,[unsupported data type],381,2,8461323895330178444,tf,1675329500254,-227.50732421875,1,-227.50732421875,1,0,0,0,0,,0
F3B50AA68C486324E053BB15000A0390,02-FEB-23 09.18.20.358440000 AM,[unsupported data type],383,2,8461323895330178444,tf,1675329500356,-223.603515625,1,-223.603515625,1,0,0,0,0,,0
F3B50AA68C4A6324E053BB15000A0390,02-FEB-23 09.18.20.461833000 AM,[unsupported data type],385,2,8461323895330178444,tf,1675329500459,-219.57080078125,1,-219.57080078125,1,0,0,0,0,,0
F3B50AA68C4C6324E053BB15000A0390,02-FEB-23 09.18.20.563650000 AM,[unsupported data type],388,2,8461323895330178444,tf,1675329500561,-215.40478515625,1,-215.40478515625,1,0,0,0,0,,0
F3B50AA68C4E6324E053BB15000A0390,02-FEB-23 09.18.20.665012000 AM,[unsupported data type],390,2,8461323895330178444,tf,1675329500662,-211.1669921875,1,-211.1669921875,1,0,0,0,0,,0
F3B50AA68C506324E053BB15000A0390,02-FEB-23 09.18.20.767320000 AM,[unsupported data type],392,2,8461323895330178444,tf,1675329500763,-206.84228515625,1,-206.84228515625,1,0,0,0,0,,0
F3B50AA68C536324E053BB15000A0390,02-FEB-23 09.18.20.918495000 AM,[unsupported data type],395,2,8461323895330178444,tf,1675329500915,-200.20849609375,1,-200.20849609375,1,0,0,0,0,,0
F3B50AA68C556324E053BB15000A0390,02-FEB-23 09.18.21.020945000 AM,[unsupported data type],398,2,8461323895330178444,tf,1675329501018,-195.69287109375,1,-195.69287109375,1,0,0,0,0,,0
F3B50AA68C576324E053BB15000A0390,02-FEB-23 09.18.21.125639000 AM,[unsupported data type],400,2,8461323895330178444,tf,1675329501123,-191.06103515625,1,-191.06103515625,1,0,0,0,0,,0
F3B50AA68C596324E053BB15000A0390,02-FEB-23 09.18.21.230988000 AM,[unsupported data type],402,2,8461323895330178444,tf,1675329501228,-186.34716796875,1,-186.34716796875,1,0,0,0,0,,0
F3B50AA68C5B6324E053BB15000A0390,02-FEB-23 09.18.21.335911000 AM,[unsupported data type],404,2,8461323895330178444,tf,1675329501333,-181.61474609375,1,-181.61474609375,1,0,0,0,0,,0
F3B50AA68C5C6324E053BB15000A0390,02-FEB-23 09.18.21.388137000 AM,[unsupported data type],405,2,8461323895330178444,tf,1675329501385,-179.24951171875,1,-179.24951171875,1,0,0,0,0,,0
F3B50AA68C5E6324E053BB15000A0390,02-FEB-23 09.18.21.492358000 AM,[unsupported data type],407,2,8461323895330178444,tf,1675329501490,-174.42578125,1,-174.42578125,1,0,0,0,0,,0
F3B50AA68D69669FE053BB15000A09F5,02-FEB-23 09.18.20.000742000 AM,[unsupported data type],376,2,8461323895330178444,tf,1675329499998,-236.91796875,1,-236.91796875,1,0,0,0,0,,0
F3B50AA68D6B669FE053BB15000A09F5,02-FEB-23 09.18.20.103933000 AM,[unsupported data type],378,2,8461323895330178444,tf,1675329500101,-233.20751953125,1,-233.20751953125,1,0,0,0,0,,0
F3B50AA68D73669FE053BB15000A09F5,02-FEB-23 09.18.20.512961000 AM,[unsupported data type],387,2,8461323895330178444,tf,1675329500510,-217.5009765625,1,-217.5009765625,1,0,0,0,0,,0
F3B50AA68D77669FE053BB15000A09F5,02-FEB-23 09.18.20.715345000 AM,[unsupported data type],391,2,8461323895330178444,tf,1675329500712,-209.01123046875,1,-209.01123046875,1,0,0,0,0,,0
F3B50AA68D79669FE053BB15000A09F5,02-FEB-23 09.18.20.817084000 AM,[unsupported data type],393,2,8461323895330178444,tf,1675329500814,-204.64501953125,1,-204.64501953125,1,0,0,0,0,,0
F3B50AA68D7C669FE053BB15000A09F5,02-FEB-23 09.18.20.969679000 AM,[unsupported data type],396,2,8461323895330178444,tf,1675329500966,-197.9619140625,1,-197.9619140625,1,0,0,0,0,,0
F3B50AA68D7E669FE053BB15000A09F5,02-FEB-23 09.18.21.072991000 AM,[unsupported data type],399,2,8461323895330178444,tf,1675329501070,-193.3935546875,1,-193.3935546875,1,0,0,0,0,,0
F3B50AA68D82669FE053BB15000A09F5,02-FEB-23 09.18.21.283571000 AM,[unsupported data type],403,2,8461323895330178444,tf,1675329501281,-183.9775390625,1,-183.9775390625,1,0,0,0,0,,0
F3B50AA68C606324E053BB15000A0390,02-FEB-23 09.18.21.594968000 AM,[unsupported data type],409,2,8461323895330178444,tf,1675329501592,-169.5048828125,1,-169.5048828125,1,0,0,0,0,,0
F3B50AA68C626324E053BB15000A0390,02-FEB-23 09.18.21.698154000 AM,[unsupported data type],411,2,8461323895330178444,tf,1675329501695,-164.47900390625,1,-164.47900390625,1,0,0,0,0,,0
F3B50AA68D8C669FE053BB15000A09F5,02-FEB-23 09.18.21.800746000 AM,[unsupported data type],413,2,8461323895330178444,tf,1675329501798,-159.34423828125,1,-159.34423828125,1,0,0,0,0,,0
F3B50AA68C656324E053BB15000A0390,02-FEB-23 09.18.21.852203000 AM,[unsupported data type],414,2,8461323895330178444,tf,1675329501850,-156.716796875,1,-156.716796875,1,0,0,0,0,,0
F3B50AA68D8E669FE053BB15000A09F5,02-FEB-23 09.18.21.904227000 AM,[unsupported data type],415,2,8461323895330178444,tf,1675329501901,-154.04931640625,1,-154.04931640625,1,0,0,0,0,,0
F3B50AA68C676324E053BB15000A0390,02-FEB-23 09.18.21.955270000 AM,[unsupported data type],416,2,8461323895330178444,tf,1675329501953,-151.36669921875,1,-151.36669921875,1,0,0,0,0,,0
F3B50AA68D90669FE053BB15000A09F5,02-FEB-23 09.18.22.006562000 AM,[unsupported data type],418,2,8461323895330178444,tf,1675329502004,-148.67529296875,1,-148.67529296875,1,0,0,0,0,,0
F3B50AA68D3C669FE053BB15000A09F5,02-FEB-23 09.18.17.594594000 AM,[unsupported data type],327,2,8461323895330178444,tf,1675329497592,-321.8779296875,1,-321.8779296875,1,0,0,0,0,,0
F3B50AA68D46669FE053BB15000A09F5,02-FEB-23 09.18.18.158579000 AM,[unsupported data type],338,2,8461323895330178444,tf,1675329498156,-304.2783203125,1,-304.2783203125,1,0,0,0,0,,0
F3B50AA68D48669FE053BB15000A09F5,02-FEB-23 09.18.18.271714000 AM,[unsupported data type],340,2,8461323895330178444,tf,1675329498268,-300.044921875,1,-300.044921875,1,0,0,0,0,,0
F3B50AA68D49669FE053BB15000A09F5,02-FEB-23 09.18.18.320111000 AM,[unsupported data type],341,2,8461323895330178444,tf,1675329498317,-298.18017578125,1,-298.18017578125,1,0,0,0,0,,0
F3B50AA68D4D669FE053BB15000A09F5,02-FEB-23 09.18.18.550245000 AM,[unsupported data type],346,2,8461323895330178444,tf,1675329498547,-289.177734375,1,-289.177734375,1,0,0,0,0,,0
F3B50AA68D4F669FE053BB15000A09F5,02-FEB-23 09.18.18.666872000 AM,[unsupported data type],349,2,8461323895330178444,tf,1675329498664,-284.60205078125,1,-284.60205078125,1,0,0,0,0,,0
F3B50AA68D51669FE053BB15000A09F5,02-FEB-23 09.18.18.769869000 AM,[unsupported data type],351,2,8461323895330178444,tf,1675329498767,-280.732421875,1,-280.732421875,1,0,0,0,0,,0
F3B50AA68D55669FE053BB15000A09F5,02-FEB-23 09.18.18.974431000 AM,[unsupported data type],355,2,8461323895330178444,tf,1675329498972,-272.62255859375,1,-272.62255859375,1,0,0,0,0,,0
F3B50AA68D57669FE053BB15000A09F5,02-FEB-23 09.18.19.074995000 AM,[unsupported data type],357,2,8461323895330178444,tf,1675329499072,-268.71533203125,1,-268.71533203125,1,0,0,0,0,,0
F3B50AA68D59669FE053BB15000A09F5,02-FEB-23 09.18.19.178051000 AM,[unsupported data type],359,2,8461323895330178444,tf,1675329499175,-264.9736328125,1,-264.9736328125,1,0,0,0,0,,0
F3B50AA68D5A669FE053BB15000A09F5,02-FEB-23 09.18.19.228611000 AM,[unsupported data type],360,2,8461323895330178444,tf,1675329499226,-263.1318359375,1,-263.1318359375,1,0,0,0,0,,0
F3B50AA68D5E669FE053BB15000A09F5,02-FEB-23 09.18.19.431497000 AM,[unsupported data type],364,2,8461323895330178444,tf,1675329499429,-256.08642578125,1,-256.08642578125,1,0,0,0,0,,0
F3B50AA68D62669FE053BB15000A09F5,02-FEB-23 09.18.19.637358000 AM,[unsupported data type],368,2,8461323895330178444,tf,1675329499635,-249.3720703125,1,-249.3720703125,1,0,0,0,0,,0
F3B50AA68D64669FE053BB15000A09F5,02-FEB-23 09.18.19.741422000 AM,[unsupported data type],370,2,8461323895330178444,tf,1675329499738,-245.8896484375,1,-245.8896484375,1,0,0,0,0,,0
F3B50AA68D65669FE053BB15000A09F5,02-FEB-23 09.18.19.793478000 AM,[unsupported data type],371,2,8461323895330178444,tf,1675329499791,-244.12548828125,1,-244.12548828125,1,0,0,0,0,,0
F3B50AA68C696324E053BB15000A0390,02-FEB-23 09.18.22.057286000 AM,[unsupported data type],419,2,8461323895330178444,tf,1675329502054,-145.98876953125,1,-145.98876953125,1,0,0,0,0,,0
F3B50AA68C6B6324E053BB15000A0390,02-FEB-23 09.18.22.158596000 AM,[unsupported data type],421,2,8461323895330178444,tf,1675329502155,-140.5673828125,1,-140.5673828125,1,0,0,0,0,,0
F3B50AA68C6D6324E053BB15000A0390,02-FEB-23 09.18.22.259514000 AM,[unsupported data type],423,2,8461323895330178444,tf,1675329502257,-134.990234375,1,-134.990234375,1,0,0,0,0,,0
F3B50AA68D96669FE053BB15000A09F5,02-FEB-23 09.18.22.310936000 AM,[unsupported data type],424,2,8461323895330178444,tf,1675329502308,-132.14306640625,1,-132.14306640625,1,0,0,0,0,,0
F3B50AA68C706324E053BB15000A0390,02-FEB-23 09.18.22.413291000 AM,[unsupported data type],426,2,8461323895330178444,tf,1675329502410,-126.34716796875,1,-126.34716796875,1,0,0,0,0,,0
F3B50AA68D99669FE053BB15000A09F5,02-FEB-23 09.18.22.463515000 AM,[unsupported data type],427,2,8461323895330178444,tf,1675329502460,-123.412109375,1,-123.412109375,1,0,0,0,0,,0
F3B50AA6CA6C66A1E053BB15000AC4D9,02-FEB-23 09.18.22.514397000 AM,[unsupported data type],429,2,8461323895330178444,tf,1675329502511,-120.44287109375,1,-120.44287109375,1,0,0,0,0,,0
F3B50AA68C736324E053BB15000A0390,02-FEB-23 09.18.22.566806000 AM,[unsupported data type],430,2,8461323895330178444,tf,1675329502562,-117.43994140625,1,-117.43994140625,1,0,0,0,0,,0
F3B50AA68C746324E053BB15000A0390,02-FEB-23 09.18.22.615635000 AM,[unsupported data type],431,2,8461323895330178444,tf,1675329502613,-114.404296875,1,-114.404296875,1,0,0,0,0,,0
F3B50AA6CA6F66A1E053BB15000AC4D9,02-FEB-23 09.18.22.667568000 AM,[unsupported data type],432,2,8461323895330178444,tf,1675329502664,-111.33349609375,1,-111.33349609375,1,0,0,0,0,,0
F3B50AA6CA7066A1E053BB15000AC4D9,02-FEB-23 09.18.22.717959000 AM,[unsupported data type],433,2,8461323895330178444,tf,1675329502715,-108.20947265625,1,-108.20947265625,1,0,0,0,0,,0
F3B50AA68D9F669FE053BB15000A09F5,02-FEB-23 09.18.22.771288000 AM,[unsupported data type],434,2,8461323895330178444,tf,1675329502769,-104.6025390625,1,-104.6025390625,1,0,0,0,0,,0
F3B50AA6CA7266A1E053BB15000AC4D9,02-FEB-23 09.18.22.822507000 AM,[unsupported data type],435,2,8461323895330178444,tf,1675329502820,-100.9794921875,1,-100.9794921875,1,0,0,0,0,,0
F3B50AA68DA1669FE053BB15000A09F5,02-FEB-23 09.18.22.876601000 AM,[unsupported data type],436,2,8461323895330178444,tf,1675329502873,-97.32177734375,1,-97.32177734375,1,0,0,0,0,,0
F3B50AA6CA7466A1E053BB15000AC4D9,02-FEB-23 09.18.22.928893000 AM,[unsupported data type],437,2,8461323895330178444,tf,1675329502926,-93.58984375,1,-93.58984375,1,0,0,0,0,,0
F3B50AA6CA8666A1E053BB15000AC4D9,02-FEB-23 09.18.23.952330000 AM,[unsupported data type],457,2,8461323895330178444,tf,1675329503949,-33.58203125,1,-33.58203125,1,0,0,0,0,,0
F3B50AA6CA8E66A1E053BB15000AC4D9,02-FEB-23 09.18.24.401797000 AM,[unsupported data type],465,2,8461323895330178444,tf,1675329504398,-6.3505859375,1,-6.3505859375,1,0,0,0,0,,0
F3B50AA6CA8F66A1E053BB15000AC4D9,02-FEB-23 09.18.24.461405000 AM,[unsupported data type],466,2,8461323895330178444,tf,1675329504459,-2.57421875,1,-2.57421875,1,0,0,0,0,,0
F3B50AA6CA9466A1E053BB15000AC4D9,02-FEB-23 09.18.24.712274000 AM,[unsupported data type],472,0,8461323895330178444,tf,1675329504710,13.369996070861816,1,13.369996070861816,1,0,0,0,186,,0
F3B50AA6CA9566A1E053BB15000AC4D9,02-FEB-23 09.18.24.775895000 AM,[unsupported data type],473,0,8461323895330178444,tf,1675329504773,17.552223205566406,1,17.552223205566406,1,0,0,0,250,,0
F3B50AA6CA9966A1E053BB15000AC4D9,02-FEB-23 09.18.24.991250000 AM,[unsupported data type],477,0,8461323895330178444,tf,1675329504989,31.70855712890625,1,31.70855712890625,1,0,0,0,461,,0
F3B50AA6CA9B66A1E053BB15000AC4D9,02-FEB-23 09.18.25.097545000 AM,[unsupported data type],480,0,8461323895330178444,tf,1675329505095,38.96424865722656,1,38.96424865722656,1,0,0,0,569,,0
F3B50AA6CA9D66A1E053BB15000AC4D9,02-FEB-23 09.18.25.206793000 AM,[unsupported data type],482,0,8461323895330178444,tf,1675329505204,46.36928176879883,1,46.36928176879883,1,0,0,0,677,,0
F3B50AA6CA9F66A1E053BB15000AC4D9,02-FEB-23 09.18.25.317226000 AM,[unsupported data type],484,0,8461323895330178444,tf,1675329505315,53.92330551147461,1,53.92330551147461,1,0,0,0,787,,0
F3B50AA6CAA666A1E053BB15000AC4D9,02-FEB-23 09.18.25.706995000 AM,[unsupported data type],492,0,8461323895330178444,tf,1675329505703,80.8169174194336,1,80.8169174194336,1,0,0,0,1169,,0
F3B50AA6CAA766A1E053BB15000AC4D9,02-FEB-23 09.18.25.776954000 AM,[unsupported data type],493,0,8461323895330178444,tf,1675329505774,85.87911224365234,1,85.87911224365234,1,0,0,0,1240,,0
F3B50AA6CAAA66A1E053BB15000AC4D9,02-FEB-23 09.18.25.942631000 AM,[unsupported data type],496,0,8461323895330178444,tf,1675329505940,97.75846099853516,1,97.75846099853516,1,0,0,0,1405,,0
F3B50AA6CAAC66A1E053BB15000AC4D9,02-FEB-23 09.18.26.063119000 AM,[unsupported data type],498,0,8461323895330178444,tf,1675329506060,106.37306213378906,1,106.37306213378906,1,0,0,0,1525,,0
F3B50AA6CAAE66A1E053BB15000AC4D9,02-FEB-23 09.18.26.179660000 AM,[unsupported data type],500,0,8461323895330178444,tf,1675329506177,115.0412826538086,1,115.0412826538086,1,0,0,0,1644,,0
F3B50AA6CAB066A1E053BB15000AC4D9,02-FEB-23 09.18.26.295990000 AM,[unsupported data type],502,0,8461323895330178444,tf,1675329506293,123.63368225097656,1,123.63368225097656,1,0,0,0,1761,,0
F3B50AA68DF2669FE053BB15000A09F5,02-FEB-23 09.18.27.385293000 AM,[unsupported data type],523,0,8461323895330178444,tf,1675329507383,206.96090698242188,1,206.96090698242188,1,0,0,0,2862,,0
F3B50AA68DF6669FE053BB15000A09F5,02-FEB-23 09.18.27.618884000 AM,[unsupported data type],528,0,8461323895330178444,tf,1675329507616,225.50755310058594,1,225.50755310058594,1,0,0,0,3100,,0
F3B50AA68DF9669FE053BB15000A09F5,02-FEB-23 09.18.27.795812000 AM,[unsupported data type],531,0,8461323895330178444,tf,1675329507793,239.35443115234375,1,239.35443115234375,1,0,0,0,3275,,0
F3B50AA68DFC669FE053BB15000A09F5,02-FEB-23 09.18.27.972634000 AM,[unsupported data type],534,0,8461323895330178444,tf,1675329507969,253.35269165039062,1,253.35269165039062,1,0,0,0,3451,,0
F3B50AA68E00669FE053BB15000A09F5,02-FEB-23 09.18.28.175273000 AM,[unsupported data type],538,0,8461323895330178444,tf,1675329508172,269.4338073730469,1,269.4338073730469,1,0,0,0,3652,,0
F3B50AA68E02669FE053BB15000A09F5,02-FEB-23 09.18.28.277976000 AM,[unsupported data type],540,0,8461323895330178444,tf,1675329508275,277.6163330078125,1,277.6163330078125,1,0,0,0,3753,,0
F3B50AA68E04669FE053BB15000A09F5,02-FEB-23 09.18.28.379502000 AM,[unsupported data type],542,0,8461323895330178444,tf,1675329508376,285.8994445800781,1,285.8994445800781,1,0,0,0,3857,,0
F3B50AA68E06669FE053BB15000A09F5,02-FEB-23 09.18.28.481193000 AM,[unsupported data type],544,0,8461323895330178444,tf,1675329508478,294.0023498535156,1,294.0023498535156,1,0,0,0,3957,,0
F3B50AA68E08669FE053BB15000A09F5,02-FEB-23 09.18.28.585846000 AM,[unsupported data type],546,0,8461323895330178444,tf,1675329508583,302.35821533203125,1,302.35821533203125,1,0,0,0,4060,,0
F3B50AA68E0A669FE053BB15000A09F5,02-FEB-23 09.18.28.689267000 AM,[unsupported data type],548,0,8461323895330178444,tf,1675329508687,310.7793273925781,1,310.7793273925781,1,0,0,0,4164,,0
F3B50AA68E0C669FE053BB15000A09F5,02-FEB-23 09.18.28.796290000 AM,[unsupported data type],550,0,8461323895330178444,tf,1675329508794,319.320556640625,1,319.320556640625,1,0,0,0,4269,,0
F3B50AA68E0E669FE053BB15000A09F5,02-FEB-23 09.18.28.902272000 AM,[unsupported data type],552,0,8461323895330178444,tf,1675329508900,327.97503662109375,1,327.97503662109375,1,0,0,0,4375,,0
F3B50AA68E10669FE053BB15000A09F5,02-FEB-23 09.18.29.006062000 AM,[unsupported data type],554,0,8461323895330178444,tf,1675329509003,336.601318359375,1,336.601318359375,1,0,0,0,4481,,0
F3B50AA68E13669FE053BB15000A09F5,02-FEB-23 09.18.29.186105000 AM,[unsupported data type],558,0,8461323895330178444,tf,1675329509184,351.5760803222656,1,351.5760803222656,1,0,0,0,4665,,0
F3B50AA68E15669FE053BB15000A09F5,02-FEB-23 09.18.29.303756000 AM,[unsupported data type],560,0,8461323895330178444,tf,1675329509301,361.28106689453125,1,361.28106689453125,1,0,0,0,4784,,0
F3B50AA68C8A6324E053BB15000A0390,02-FEB-23 09.18.23.834885000 AM,[unsupported data type],455,2,8461323895330178444,tf,1675329503832,-40.56591796875,1,-40.56591796875,1,0,0,0,0,,0
F3B50AA68C8B6324E053BB15000A0390,02-FEB-23 09.18.23.895363000 AM,[unsupported data type],456,2,8461323895330178444,tf,1675329503893,-37.0703125,1,-37.0703125,1,0,0,0,0,,0
F3B50AA68C8D6324E053BB15000A0390,02-FEB-23 09.18.24.009417000 AM,[unsupported data type],458,2,8461323895330178444,tf,1675329504007,-30.11474609375,1,-30.11474609375,1,0,0,0,0,,0
F3B50AA68C8F6324E053BB15000A0390,02-FEB-23 09.18.24.124950000 AM,[unsupported data type],460,2,8461323895330178444,tf,1675329504122,-23.22509765625,1,-23.22509765625,1,0,0,0,0,,0
F3B50AA68C916324E053BB15000A0390,02-FEB-23 09.18.24.241800000 AM,[unsupported data type],462,2,8461323895330178444,tf,1675329504239,-16.12646484375,1,-16.12646484375,1,0,0,0,0,,0
F3B50AA68C976324E053BB15000A0390,02-FEB-23 09.18.24.565706000 AM,[unsupported data type],469,0,8461323895330178444,tf,1675329504562,3.906872510910034,1,3.906872510910034,1,0,0,0,40,,0
F3B50AA68C986324E053BB15000A0390,02-FEB-23 09.18.24.607190000 AM,[unsupported data type],470,0,8461323895330178444,tf,1675329504604,6.583200931549072,1,6.583200931549072,1,0,0,0,82,,0
F3B50AA68C9D6324E053BB15000A0390,02-FEB-23 09.18.24.880999000 AM,[unsupported data type],475,0,8461323895330178444,tf,1675329504878,24.482933044433594,1,24.482933044433594,1,0,0,0,355,,0
F3B50AA68CA26324E053BB15000A0390,02-FEB-23 09.18.25.141657000 AM,[unsupported data type],481,0,8461323895330178444,tf,1675329505139,41.90184020996094,1,41.90184020996094,1,0,0,0,612,,0
F3B50AA68CA66324E053BB15000A0390,02-FEB-23 09.18.25.359937000 AM,[unsupported data type],485,0,8461323895330178444,tf,1675329505357,56.95903015136719,1,56.95903015136719,1,0,0,0,831,,0
F3B50AA68CA86324E053BB15000A0390,02-FEB-23 09.18.25.472869000 AM,[unsupported data type],487,0,8461323895330178444,tf,1675329505470,64.61068725585938,1,64.61068725585938,1,0,0,0,941,,0
F3B50AA68CAE6324E053BB15000A0390,02-FEB-23 09.18.25.823379000 AM,[unsupported data type],494,0,8461323895330178444,tf,1675329505820,89.26454162597656,1,89.26454162597656,1,0,0,0,1287,,0
F3B50AA68CBA6324E053BB15000A0390,02-FEB-23 09.18.26.530359000 AM,[unsupported data type],506,0,8461323895330178444,tf,1675329506528,140.94754028320312,1,140.94754028320312,1,0,0,0,1994,,0
F3B50AA68CBC6324E053BB15000A0390,02-FEB-23 09.18.26.640726000 AM,[unsupported data type],508,0,8461323895330178444,tf,1675329506638,149.53880310058594,1,149.53880310058594,1,0,0,0,2110,,0
F3B50AA68CBE6324E053BB15000A0390,02-FEB-23 09.18.26.745372000 AM,[unsupported data type],510,0,8461323895330178444,tf,1675329506743,157.67092895507812,1,157.67092895507812,1,0,0,0,2219,,0
F3B50AA68CC06324E053BB15000A0390,02-FEB-23 09.18.26.847779000 AM,[unsupported data type],512,0,8461323895330178444,tf,1675329506845,165.56053161621094,1,165.56053161621094,1,0,0,0,2324,,0
F3B50AA68CC26324E053BB15000A0390,02-FEB-23 09.18.26.948974000 AM,[unsupported data type],514,0,8461323895330178444,tf,1675329506946,173.31576538085938,1,173.31576538085938,1,0,0,0,2426,,0
F3B50AA68CC46324E053BB15000A0390,02-FEB-23 09.18.27.065886000 AM,[unsupported data type],517,0,8461323895330178444,tf,1675329507063,182.4097442626953,1,182.4097442626953,1,0,0,0,2546,,0
F3B50AA68CC86324E053BB15000A0390,02-FEB-23 09.18.27.283862000 AM,[unsupported data type],521,0,8461323895330178444,tf,1675329507281,199.2291259765625,1,199.2291259765625,1,0,0,0,2763,,0
F3B50AA68CCD6324E053BB15000A0390,02-FEB-23 09.18.27.562711000 AM,[unsupported data type],527,0,8461323895330178444,tf,1675329507559,220.91575622558594,1,220.91575622558594,1,0,0,0,3041,,0
F3B50AA68CD26324E053BB15000A0390,02-FEB-23 09.18.27.853736000 AM,[unsupported data type],532,0,8461323895330178444,tf,1675329507851,244.00686645507812,1,244.00686645507812,1,0,0,0,3334,,0
F3B50AA68CD36324E053BB15000A0390,02-FEB-23 09.18.27.914078000 AM,[unsupported data type],533,0,8461323895330178444,tf,1675329507911,248.6442413330078,1,248.6442413330078,1,0,0,0,3392,,0
F3B50AA68CD56324E053BB15000A0390,02-FEB-23 09.18.28.033775000 AM,[unsupported data type],535,0,8461323895330178444,tf,1675329508031,258.1126403808594,1,258.1126403808594,1,0,0,0,3510,,0
F3B50AA68CD76324E053BB15000A0390,02-FEB-23 09.18.28.134372000 AM,[unsupported data type],537,0,8461323895330178444,tf,1675329508132,266.1793518066406,1,266.1793518066406,1,0,0,0,3611,,0
F3B50AA68CD96324E053BB15000A0390,02-FEB-23 09.18.28.236665000 AM,[unsupported data type],539,0,8461323895330178444,tf,1675329508234,274.3278503417969,1,274.3278503417969,1,0,0,0,3713,,0
F3B50AA68CDD6324E053BB15000A0390,02-FEB-23 09.18.28.439316000 AM,[unsupported data type],543,0,8461323895330178444,tf,1675329508437,290.773681640625,1,290.773681640625,1,0,0,0,3917,,0
F3B50AA68CDF6324E053BB15000A0390,02-FEB-23 09.18.28.543736000 AM,[unsupported data type],545,0,8461323895330178444,tf,1675329508541,298.97998046875,1,298.97998046875,1,0,0,0,4018,,0
F3B50AA68CE16324E053BB15000A0390,02-FEB-23 09.18.28.647614000 AM,[unsupported data type],547,0,8461323895330178444,tf,1675329508645,307.4052734375,1,307.4052734375,1,0,0,0,4122,,0
F3B50AA68CE36324E053BB15000A0390,02-FEB-23 09.18.28.753203000 AM,[unsupported data type],549,0,8461323895330178444,tf,1675329508750,315.8730163574219,1,315.8730163574219,1,0,0,0,4226,,0
F3B50AA68CE56324E053BB15000A0390,02-FEB-23 09.18.28.858827000 AM,[unsupported data type],551,0,8461323895330178444,tf,1675329508856,324.5169677734375,1,324.5169677734375,1,0,0,0,4333,,0
F3B50AA68DB6669FE053BB15000A09F5,02-FEB-23 09.18.24.067209000 AM,[unsupported data type],459,2,8461323895330178444,tf,1675329504064,-26.67919921875,1,-26.67919921875,1,0,0,0,0,,0
F3B50AA68DB8669FE053BB15000A09F5,02-FEB-23 09.18.24.183231000 AM,[unsupported data type],461,2,8461323895330178444,tf,1675329504181,-19.68994140625,1,-19.68994140625,1,0,0,0,0,,0
F3B50AA68DBA669FE053BB15000A09F5,02-FEB-23 09.18.24.301516000 AM,[unsupported data type],463,2,8461323895330178444,tf,1675329504298,-12.5439453125,1,-12.5439453125,1,0,0,0,0,,0
F3B50AA68DBB669FE053BB15000A09F5,02-FEB-23 09.18.24.342301000 AM,[unsupported data type],464,2,8461323895330178444,tf,1675329504339,-10.08349609375,1,-10.08349609375,1,0,0,0,0,,0
F3B50AA68DBE669FE053BB15000A09F5,02-FEB-23 09.18.24.503349000 AM,[unsupported data type],467,2,8461323895330178444,tf,1675329504500,-.03076171875,1,-.03076171875,1,0,0,0,0,,0
F3B50AA68DC1669FE053BB15000A09F5,02-FEB-23 09.18.24.669628000 AM,[unsupported data type],471,0,8461323895330178444,tf,1675329504667,10.632634162902832,1,10.632634162902832,1,0,0,0,144,,0
F3B50AA68DC4669FE053BB15000A09F5,02-FEB-23 09.18.24.817244000 AM,[unsupported data type],474,0,8461323895330178444,tf,1675329504814,20.326322555541992,1,20.326322555541992,1,0,0,0,292,,0
F3B50AA68DC6669FE053BB15000A09F5,02-FEB-23 09.18.24.925505000 AM,[unsupported data type],476,0,8461323895330178444,tf,1675329504922,27.324325561523438,1,27.324325561523438,1,0,0,0,397,,0
F3B50AA68DC8669FE053BB15000A09F5,02-FEB-23 09.18.25.032251000 AM,[unsupported data type],479,0,8461323895330178444,tf,1675329505030,34.61827850341797,1,34.61827850341797,1,0,0,0,505,,0
F3B50AA68DCC669FE053BB15000A09F5,02-FEB-23 09.18.25.251501000 AM,[unsupported data type],483,0,8461323895330178444,tf,1675329505249,49.37525939941406,1,49.37525939941406,1,0,0,0,721,,0
F3B50AA68DCF669FE053BB15000A09F5,02-FEB-23 09.18.25.426210000 AM,[unsupported data type],486,0,8461323895330178444,tf,1675329505424,61.50747299194336,1,61.50747299194336,1,0,0,0,897,,0
F3B50AA68DD1669FE053BB15000A09F5,02-FEB-23 09.18.25.541654000 AM,[unsupported data type],489,0,8461323895330178444,tf,1675329505537,69.33204650878906,1,69.33204650878906,1,0,0,0,1008,,0
F3B50AA68DD2669FE053BB15000A09F5,02-FEB-23 09.18.25.586191000 AM,[unsupported data type],490,0,8461323895330178444,tf,1675329505583,72.5604019165039,1,72.5604019165039,1,0,0,0,1053,,0
F3B50AA68DD3669FE053BB15000A09F5,02-FEB-23 09.18.25.658370000 AM,[unsupported data type],491,0,8461323895330178444,tf,1675329505655,77.42866516113281,1,77.42866516113281,1,0,0,0,1122,,0
F3B50AA68DD7669FE053BB15000A09F5,02-FEB-23 09.18.25.897056000 AM,[unsupported data type],495,0,8461323895330178444,tf,1675329505894,94.33753204345703,1,94.33753204345703,1,0,0,0,1358,,0
F3B50AA68DD9669FE053BB15000A09F5,02-FEB-23 09.18.26.015031000 AM,[unsupported data type],497,0,8461323895330178444,tf,1675329506012,102.91917419433594,1,102.91917419433594,1,0,0,0,1477,,0
F3B50AA68DDB669FE053BB15000A09F5,02-FEB-23 09.18.26.132794000 AM,[unsupported data type],499,0,8461323895330178444,tf,1675329506130,111.57757568359375,1,111.57757568359375,1,0,0,0,1596,,0
F3B50AA68DDD669FE053BB15000A09F5,02-FEB-23 09.18.26.250670000 AM,[unsupported data type],501,0,8461323895330178444,tf,1675329506248,120.20088958740234,1,120.20088958740234,1,0,0,0,1714,,0
F3B50AA68DDF669FE053BB15000A09F5,02-FEB-23 09.18.26.365861000 AM,[unsupported data type],503,0,8461323895330178444,tf,1675329506363,128.77255249023438,1,128.77255249023438,1,0,0,0,1831,,0
F3B50AA6CAB266A1E053BB15000AC4D9,02-FEB-23 09.18.26.414041000 AM,[unsupported data type],504,0,8461323895330178444,tf,1675329506411,132.2095947265625,1,132.2095947265625,1,0,0,0,1877,,0
