ID,CREATED_ON,DATA,DATA$m_gear,DATA$m_brake,DATA$m_frame,DATA$m_speed,DATA$m_steer,DATA$m_session,DATA$m_gamehost,DATA$m_throttle,DATA$m_engineRPM,DATA$m_timestamp,DATA$m_drs,DATA$m_engine_temperature
F3B50A9D879466A4E053BB15000A0278,02-FEB-23 09.18.03.280279000 AM,[unsupported data type],0,0,40,0,0,8461323895330178444,tf,0,3429,1675329483278,0,110
F3B50AA68C39669FE053BB15000A09F5,02-FEB-23 09.18.03.349801000 AM,[unsupported data type],0,0,42,0,0,8461323895330178444,tf,0,3429,1675329483347,0,110
F3B50AA6C90A66A1E053BB15000AC4D9,02-FEB-23 09.18.03.384166000 AM,[unsupported data type],0,0,43,0,0,8461323895330178444,tf,0,3429,1675329483382,0,110
F3B50A9D879766A4E053BB15000A0278,02-FEB-23 09.18.03.453960000 AM,[unsupported data type],0,0,44,0,0,8461323895330178444,tf,0,3429,1675329483451,0,110
F3B50AA6C90C66A1E053BB15000AC4D9,02-FEB-23 09.18.03.488314000 AM,[unsupported data type],0,0,45,0,0,8461323895330178444,tf,0,3429,1675329483486,0,110
F3B50A9D879966A4E053BB15000A0278,02-FEB-23 09.18.03.557645000 AM,[unsupported data type],0,0,46,0,0,8461323895330178444,tf,0,3429,1675329483555,0,110
F3B50AA6C90E66A1E053BB15000AC4D9,02-FEB-23 09.18.03.592386000 AM,[unsupported data type],0,0,47,0,0,8461323895330178444,tf,0,3429,1675329483590,0,110
F3B50A9D879B66A4E053BB15000A0278,02-FEB-23 09.18.03.662447000 AM,[unsupported data type],0,0,48,0,0,8461323895330178444,tf,0,3429,1675329483660,0,110
F3B50AA6C91066A1E053BB15000AC4D9,02-FEB-23 09.18.03.697550000 AM,[unsupported data type],0,0,49,0,0,8461323895330178444,tf,0,3429,1675329483695,0,110
F3B50A9D879D66A4E053BB15000A0278,02-FEB-23 09.18.03.768092000 AM,[unsupported data type],0,0,50,0,0,8461323895330178444,tf,0,3429,1675329483765,0,110
F3B50AA6C91266A1E053BB15000AC4D9,02-FEB-23 09.18.03.803538000 AM,[unsupported data type],0,0,51,0,0,8461323895330178444,tf,0,3429,1675329483801,0,110
F3B50A9D879F66A4E053BB15000A0278,02-FEB-23 09.18.03.874662000 AM,[unsupported data type],0,0,52,0,0,8461323895330178444,tf,0,3429,1675329483872,0,110
F3B50AA6C91466A1E053BB15000AC4D9,02-FEB-23 09.18.03.909254000 AM,[unsupported data type],0,0,53,0,0,8461323895330178444,tf,0,3429,1675329483907,0,110
F3B50A9D87A166A4E053BB15000A0278,02-FEB-23 09.18.03.981254000 AM,[unsupported data type],0,0,54,0,0,8461323895330178444,tf,0,3429,1675329483978,0,110
F3B50AA6C91666A1E053BB15000AC4D9,02-FEB-23 09.18.04.015181000 AM,[unsupported data type],0,0,55,0,0,8461323895330178444,tf,0,3429,1675329484012,0,110
F3B50A9D87A366A4E053BB15000A0278,02-FEB-23 09.18.04.086216000 AM,[unsupported data type],0,0,56,0,0,8461323895330178444,tf,0,3429,1675329484083,0,110
F3B50AA68C48669FE053BB15000A09F5,02-FEB-23 09.18.04.121053000 AM,[unsupported data type],0,0,57,0,0,8461323895330178444,tf,0,3429,1675329484118,0,110
F3B50A9D87A566A4E053BB15000A0278,02-FEB-23 09.18.04.192702000 AM,[unsupported data type],0,0,58,0,0,8461323895330178444,tf,0,3429,1675329484190,0,110
F3B50AA68C4A669FE053BB15000A09F5,02-FEB-23 09.18.04.227778000 AM,[unsupported data type],0,0,59,0,0,8461323895330178444,tf,0,3429,1675329484225,0,110
F3B50A9D87A766A4E053BB15000A0278,02-FEB-23 09.18.04.298211000 AM,[unsupported data type],0,0,60,0,0,8461323895330178444,tf,0,3429,1675329484296,0,110
F3B50AA6C91C66A1E053BB15000AC4D9,02-FEB-23 09.18.04.333244000 AM,[unsupported data type],0,0,61,0,0,8461323895330178444,tf,0,3429,1675329484331,0,110
F3B50A9D87A966A4E053BB15000A0278,02-FEB-23 09.18.04.403679000 AM,[unsupported data type],0,0,62,0,0,8461323895330178444,tf,0,3429,1675329484401,0,110
F3B50AA6C91E66A1E053BB15000AC4D9,02-FEB-23 09.18.04.438650000 AM,[unsupported data type],0,0,63,0,0,8461323895330178444,tf,0,3429,1675329484436,0,110
F3B50A9D87AB66A4E053BB15000A0278,02-FEB-23 09.18.04.509331000 AM,[unsupported data type],0,0,64,0,0,8461323895330178444,tf,0,3429,1675329484507,0,110
F3B50A9D87AC66A4E053BB15000A0278,02-FEB-23 09.18.04.544714000 AM,[unsupported data type],0,0,65,0,0,8461323895330178444,tf,0,3429,1675329484542,0,110
F3B50AA68C51669FE053BB15000A09F5,02-FEB-23 09.18.04.616189000 AM,[unsupported data type],0,0,66,0,0,8461323895330178444,tf,0,3429,1675329484613,0,110
F3B50AA68C15669FE053BB15000A09F5,02-FEB-23 09.18.01.903062000 AM,[unsupported data type],0,0,0,0,0,8461323895330178444,tf,0,3429,1675329481227,0,110
F3B50AA68C18669FE053BB15000A09F5,02-FEB-23 09.18.02.569969000 AM,[unsupported data type],0,0,1,0,0,8461323895330178444,tf,0,3429,1675329481258,0,110
F3B50AA6C8EB66A1E053BB15000AC4D9,02-FEB-23 09.18.02.593640000 AM,[unsupported data type],0,0,3,0,0,8461323895330178444,tf,0,3429,1675329481359,0,110
F3B50AA6C8EF66A1E053BB15000AC4D9,02-FEB-23 09.18.02.642639000 AM,[unsupported data type],0,0,8,0,0,8461323895330178444,tf,0,3429,1675329481652,0,110
F3B50AA68C1B669FE053BB15000A09F5,02-FEB-23 09.18.02.643287000 AM,[unsupported data type],0,0,5,0,0,8461323895330178444,tf,0,3429,1675329481468,0,110
F3B50AA68C1C669FE053BB15000A09F5,02-FEB-23 09.18.02.645995000 AM,[unsupported data type],0,0,6,0,0,8461323895330178444,tf,0,3429,1675329481541,0,110
F3B50AA6C8F366A1E053BB15000AC4D9,02-FEB-23 09.18.02.654811000 AM,[unsupported data type],0,0,10,0,0,8461323895330178444,tf,0,3429,1675329481756,0,110
F3B50AA68C1E669FE053BB15000A09F5,02-FEB-23 09.18.02.667397000 AM,[unsupported data type],0,0,12,0,0,8461323895330178444,tf,0,3429,1675329481860,0,110
F3B50AA68C21669FE053BB15000A09F5,02-FEB-23 09.18.02.700592000 AM,[unsupported data type],0,0,16,0,0,8461323895330178444,tf,0,3429,1675329482071,0,110
F3B50AA6C8F666A1E053BB15000AC4D9,02-FEB-23 09.18.02.740432000 AM,[unsupported data type],0,0,14,0,0,8461323895330178444,tf,0,3429,1675329481966,0,110
F3B50AA68C24669FE053BB15000A09F5,02-FEB-23 09.18.02.740706000 AM,[unsupported data type],0,0,17,0,0,8461323895330178444,tf,0,3429,1675329482105,0,110
F3B50AA68C27669FE053BB15000A09F5,02-FEB-23 09.18.02.749974000 AM,[unsupported data type],0,0,19,0,0,8461323895330178444,tf,0,3429,1675329482210,0,110
F3B50AA6C8F966A1E053BB15000AC4D9,02-FEB-23 09.18.02.751199000 AM,[unsupported data type],0,0,18,0,0,8461323895330178444,tf,0,3429,1675329482175,0,110
F3B50AA68B366324E053BB15000A0390,02-FEB-23 09.18.02.569898000 AM,[unsupported data type],0,0,4,0,0,8461323895330178444,tf,0,3429,1675329481432,0,110
F3B50AA68B396324E053BB15000A0390,02-FEB-23 09.18.02.601507000 AM,[unsupported data type],0,0,9,0,0,8461323895330178444,tf,0,3429,1675329481687,0,110
F3B50AA68B3C6324E053BB15000A0390,02-FEB-23 09.18.02.704578000 AM,[unsupported data type],0,0,13,0,0,8461323895330178444,tf,0,3429,1675329481896,0,110
F3B50AA68B3F6324E053BB15000A0390,02-FEB-23 09.18.02.741054000 AM,[unsupported data type],0,0,20,0,0,8461323895330178444,tf,0,3429,1675329482281,0,110
F3B50AA68B426324E053BB15000A0390,02-FEB-23 09.18.02.750579000 AM,[unsupported data type],0,0,24,0,0,8461323895330178444,tf,0,3429,1675329482495,0,110
F3B50AA68C2A669FE053BB15000A09F5,02-FEB-23 09.18.02.757933000 AM,[unsupported data type],0,0,23,0,0,8461323895330178444,tf,0,3429,1675329482423,0,110
F3B50AA68B456324E053BB15000A0390,02-FEB-23 09.18.02.758268000 AM,[unsupported data type],0,0,28,0,0,8461323895330178444,tf,0,3429,1675329482710,0,110
F3B50AA6C8FE66A1E053BB15000AC4D9,02-FEB-23 09.18.02.765254000 AM,[unsupported data type],0,0,29,0,0,8461323895330178444,tf,0,3429,1675329482746,0,110
F3B50AA68C2D669FE053BB15000A09F5,02-FEB-23 09.18.02.766116000 AM,[unsupported data type],0,0,27,0,0,8461323895330178444,tf,0,3429,1675329482639,0,110
F3B50AA6C8FF66A1E053BB15000AC4D9,02-FEB-23 09.18.02.819217000 AM,[unsupported data type],0,0,31,0,0,8461323895330178444,tf,0,3429,1675329482817,0,110
F3B50AA68C31669FE053BB15000A09F5,02-FEB-23 09.18.02.925511000 AM,[unsupported data type],0,0,33,0,0,8461323895330178444,tf,0,3429,1675329482923,0,110
F3B50AA6C90266A1E053BB15000AC4D9,02-FEB-23 09.18.02.960320000 AM,[unsupported data type],0,0,34,0,0,8461323895330178444,tf,0,3429,1675329482958,0,110
F3B50AA6C90466A1E053BB15000AC4D9,02-FEB-23 09.18.03.066508000 AM,[unsupported data type],0,0,36,0,0,8461323895330178444,tf,0,3429,1675329483064,0,110
F3B50A9D877466A4E053BB15000A0278,02-FEB-23 09.18.02.621650000 AM,[unsupported data type],0,0,2,0,0,8461323895330178444,tf,0,3429,1675329481321,0,110
F3B50A9D877866A4E053BB15000A0278,02-FEB-23 09.18.02.645752000 AM,[unsupported data type],0,0,7,0,0,8461323895330178444,tf,0,3429,1675329481577,0,110
F3B50A9D877B66A4E053BB15000A0278,02-FEB-23 09.18.02.700156000 AM,[unsupported data type],0,0,11,0,0,8461323895330178444,tf,0,3429,1675329481791,0,110
F3B50A9D877E66A4E053BB15000A0278,02-FEB-23 09.18.02.740596000 AM,[unsupported data type],0,0,15,0,0,8461323895330178444,tf,0,3429,1675329482001,0,110
F3B50A9D878166A4E053BB15000A0278,02-FEB-23 09.18.02.749062000 AM,[unsupported data type],0,0,21,0,0,8461323895330178444,tf,0,3429,1675329482316,0,110
F3B50A9D878466A4E053BB15000A0278,02-FEB-23 09.18.02.757091000 AM,[unsupported data type],0,0,25,0,0,8461323895330178444,tf,0,3429,1675329482531,0,110
F3B50A9D878566A4E053BB15000A0278,02-FEB-23 09.18.02.759998000 AM,[unsupported data type],0,0,22,0,0,8461323895330178444,tf,0,3429,1675329482387,0,110
F3B50A9D878866A4E053BB15000A0278,02-FEB-23 09.18.02.767150000 AM,[unsupported data type],0,0,26,0,0,8461323895330178444,tf,0,3429,1675329482603,0,110
F3B50A9D878C66A4E053BB15000A0278,02-FEB-23 09.18.02.855697000 AM,[unsupported data type],0,0,32,0,0,8461323895330178444,tf,0,3429,1675329482853,0,110
F3B50A9D878F66A4E053BB15000A0278,02-FEB-23 09.18.03.031234000 AM,[unsupported data type],0,0,35,0,0,8461323895330178444,tf,0,3429,1675329483029,0,110
F3B50AA68C35669FE053BB15000A09F5,02-FEB-23 09.18.03.137130000 AM,[unsupported data type],0,0,37,0,0,8461323895330178444,tf,0,3429,1675329483135,0,110
F3B50A9D879266A4E053BB15000A0278,02-FEB-23 09.18.03.172123000 AM,[unsupported data type],0,0,38,0,0,8461323895330178444,tf,0,3429,1675329483170,0,110
F3B50AA68C37669FE053BB15000A09F5,02-FEB-23 09.18.03.244887000 AM,[unsupported data type],0,0,39,0,0,8461323895330178444,tf,0,3429,1675329483242,0,110
F3B50A9D87AF66A4E053BB15000A0278,02-FEB-23 09.18.04.721438000 AM,[unsupported data type],0,0,68,0,0,8461323895330178444,tf,0,3429,1675329484719,0,110
F3B50A9D87B166A4E053BB15000A0278,02-FEB-23 09.18.04.827832000 AM,[unsupported data type],0,0,70,0,0,8461323895330178444,tf,0,3429,1675329484825,0,110
F3B50A9D87B366A4E053BB15000A0278,02-FEB-23 09.18.04.933658000 AM,[unsupported data type],0,0,72,0,0,8461323895330178444,tf,0,3429,1675329484931,0,110
F3B50A9D87B566A4E053BB15000A0278,02-FEB-23 09.18.05.039223000 AM,[unsupported data type],0,0,74,0,0,8461323895330178444,tf,0,3429,1675329485037,0,110
F3B50A9D87B766A4E053BB15000A0278,02-FEB-23 09.18.05.145409000 AM,[unsupported data type],0,0,76,0,0,8461323895330178444,tf,0,3429,1675329485143,0,110
F3B50A9D87BA66A4E053BB15000A0278,02-FEB-23 09.18.05.286396000 AM,[unsupported data type],0,0,79,0,0,8461323895330178444,tf,0,3429,1675329485284,0,110
F3B50A9D87BC66A4E053BB15000A0278,02-FEB-23 09.18.05.392796000 AM,[unsupported data type],0,0,81,0,0,8461323895330178444,tf,0,3429,1675329485390,0,110
F3B50A9D87C066A4E053BB15000A0278,02-FEB-23 09.18.05.605088000 AM,[unsupported data type],0,0,85,0,0,8461323895330178444,tf,0,3429,1675329485602,0,110
F3B50A9D87C266A4E053BB15000A0278,02-FEB-23 09.18.05.711362000 AM,[unsupported data type],0,0,87,0,0,8461323895330178444,tf,0,3429,1675329485709,0,110
F3B50A9D87C466A4E053BB15000A0278,02-FEB-23 09.18.05.817024000 AM,[unsupported data type],0,0,89,0,0,8461323895330178444,tf,0,3429,1675329485815,0,110
F3B50A9D87C766A4E053BB15000A0278,02-FEB-23 09.18.05.993392000 AM,[unsupported data type],0,0,93,0,0,8461323895330178444,tf,0,3429,1675329485991,0,110
F3B50A9D87C966A4E053BB15000A0278,02-FEB-23 09.18.06.099392000 AM,[unsupported data type],0,0,95,0,0,8461323895330178444,tf,0,3429,1675329486097,0,110
F3B50A9D87CB66A4E053BB15000A0278,02-FEB-23 09.18.06.206321000 AM,[unsupported data type],8,0,97,314,-.020977182313799858,8461323895330178444,tf,.07146938890218735,9786,1675329486204,0,110
F3B50A9D87CD66A4E053BB15000A0278,02-FEB-23 09.18.06.403994000 AM,[unsupported data type],8,0,100,308,.008340967819094658,8461323895330178444,tf,1,10632,1675329486339,1,110
F3B50AA6C94266A1E053BB15000AC4D9,02-FEB-23 09.18.06.404610000 AM,[unsupported data type],8,0,102,308,.02644236572086811,8461323895330178444,tf,1,10646,1675329486397,1,110
F3B50AA6C94566A1E053BB15000AC4D9,02-FEB-23 09.18.06.585105000 AM,[unsupported data type],8,0,105,309,.010954966768622398,8461323895330178444,tf,1,10665,1675329486562,1,110
F3B50AA6C94A66A1E053BB15000AC4D9,02-FEB-23 09.18.06.845850000 AM,[unsupported data type],8,0,110,310,.012511455453932285,8461323895330178444,tf,1,10717,1675329486843,1,110
F3B50AA6C94C66A1E053BB15000AC4D9,02-FEB-23 09.18.06.961762000 AM,[unsupported data type],8,0,113,311,.012921776622533798,8461323895330178444,tf,1,10737,1675329486959,1,110
F3B50AA6C94E66A1E053BB15000AC4D9,02-FEB-23 09.18.07.078484000 AM,[unsupported data type],8,0,115,311,.012441753409802914,8461323895330178444,tf,1,10757,1675329487076,1,110
F3B50AA6C95066A1E053BB15000AC4D9,02-FEB-23 09.18.07.192902000 AM,[unsupported data type],8,0,117,312,.01673399657011032,8461323895330178444,tf,1,10773,1675329487190,1,110
F3B50AA6C95266A1E053BB15000AC4D9,02-FEB-23 09.18.07.292356000 AM,[unsupported data type],8,0,119,312,.014081180095672607,8461323895330178444,tf,1,10788,1675329487290,1,110
F3B50AA6C95866A1E053BB15000AC4D9,02-FEB-23 09.18.07.623803000 AM,[unsupported data type],8,.9369663596153259,126,288,.166910782456398,8461323895330178444,tf,0,9707,1675329487610,0,110
F3B50AA6C95F66A1E053BB15000AC4D9,02-FEB-23 09.18.07.969850000 AM,[unsupported data type],7,.7526382803916931,133,251,.3204139173030853,8461323895330178444,tf,0,9928,1675329487967,0,110
F3B50AA6C96566A1E053BB15000AC4D9,02-FEB-23 09.18.08.300932000 AM,[unsupported data type],6,0,139,230,.3649391531944275,8461323895330178444,tf,0,10430,1675329488298,0,110
F3B50AA6C96766A1E053BB15000AC4D9,02-FEB-23 09.18.08.414694000 AM,[unsupported data type],6,0,142,227,.3777681887149811,8461323895330178444,tf,.36451759934425354,10337,1675329488412,0,110
F3B50AA6C96966A1E053BB15000AC4D9,02-FEB-23 09.18.08.541251000 AM,[unsupported data type],6,0,144,225,.3793593645095825,8461323895330178444,tf,.4910537898540497,10299,1675329488526,0,110
F3B50AA68C98669FE053BB15000A09F5,02-FEB-23 09.18.08.593525000 AM,[unsupported data type],6,0,145,224,.3795977234840393,8461323895330178444,tf,.5215885639190674,10258,1675329488591,0,110
F3B50AA68CA8669FE053BB15000A09F5,02-FEB-23 09.18.09.480639000 AM,[unsupported data type],6,0,163,220,.2138928472995758,8461323895330178444,tf,.9105915427207947,10219,1675329489478,0,110
F3B50AA68B816324E053BB15000A0390,02-FEB-23 09.18.09.527296000 AM,[unsupported data type],6,0,164,220,.17883720993995667,8461323895330178444,tf,.9641075730323792,10262,1675329489525,0,110
F3B50AA68CAA669FE053BB15000A09F5,02-FEB-23 09.18.09.589908000 AM,[unsupported data type],6,0,165,221,.12565425038337708,8461323895330178444,tf,1,10333,1675329489587,0,110
F3B50AA68B836324E053BB15000A0390,02-FEB-23 09.18.09.636406000 AM,[unsupported data type],6,0,166,222,.11965489387512207,8461323895330178444,tf,1,10408,1675329489634,0,110
F3B50AA68CAC669FE053BB15000A09F5,02-FEB-23 09.18.09.699502000 AM,[unsupported data type],6,0,167,223,.09127765893936157,8461323895330178444,tf,1,10446,1675329489697,0,110
F3B50AA68B856324E053BB15000A0390,02-FEB-23 09.18.09.747574000 AM,[unsupported data type],6,0,168,224,.09576937556266785,8461323895330178444,tf,1,10431,1675329489745,0,110
F3B50AA68CAE669FE053BB15000A09F5,02-FEB-23 09.18.09.811748000 AM,[unsupported data type],6,0,169,225,.1450672298669815,8461323895330178444,tf,.8444602489471436,10386,1675329489809,0,110
F3B50AA68B876324E053BB15000A0390,02-FEB-23 09.18.09.860002000 AM,[unsupported data type],6,0,170,225,.1862574964761734,8461323895330178444,tf,.5835215449333191,10299,1675329489857,0,110
F3B50AA68CB0669FE053BB15000A09F5,02-FEB-23 09.18.09.922858000 AM,[unsupported data type],6,0,172,225,.2543952167034149,8461323895330178444,tf,.656112790107727,10309,1675329489920,0,110
F3B50AA6C98366A1E053BB15000AC4D9,02-FEB-23 09.18.09.969608000 AM,[unsupported data type],6,0,173,225,.2825912535190582,8461323895330178444,tf,.6585466265678406,10285,1675329489967,0,110
F3B50AA6C92266A1E053BB15000AC4D9,02-FEB-23 09.18.04.651010000 AM,[unsupported data type],0,0,67,0,0,8461323895330178444,tf,0,3429,1675329484648,0,110
F3B50AA6C92A66A1E053BB15000AC4D9,02-FEB-23 09.18.05.074770000 AM,[unsupported data type],0,0,75,0,0,8461323895330178444,tf,0,3429,1675329485072,0,110
F3B50AA6C92C66A1E053BB15000AC4D9,02-FEB-23 09.18.05.180465000 AM,[unsupported data type],0,0,77,0,0,8461323895330178444,tf,0,3429,1675329485178,0,110
F3B50AA6C93266A1E053BB15000AC4D9,02-FEB-23 09.18.05.498246000 AM,[unsupported data type],0,0,83,0,0,8461323895330178444,tf,0,3429,1675329485496,0,110
F3B50AA6C93966A1E053BB15000AC4D9,02-FEB-23 09.18.05.887679000 AM,[unsupported data type],0,0,91,0,0,8461323895330178444,tf,0,3429,1675329485885,0,110
F3B50AA6C94066A1E053BB15000AC4D9,02-FEB-23 09.18.06.264377000 AM,[unsupported data type],8,0,98,307,.019561322405934334,8461323895330178444,tf,.10390654951334,10583,1675329486238,0,110
F3B50AA68B4A6324E053BB15000A0390,02-FEB-23 09.18.06.464324000 AM,[unsupported data type],8,0,103,308,-.008846933022141457,8461323895330178444,tf,1,10652,1675329486447,1,110
F3B50AA68B4C6324E053BB15000A0390,02-FEB-23 09.18.06.616782000 AM,[unsupported data type],8,0,106,309,.022842714563012123,8461323895330178444,tf,1,10676,1675329486613,1,110
F3B50AA68B4E6324E053BB15000A0390,02-FEB-23 09.18.06.731145000 AM,[unsupported data type],8,0,108,310,.006978554185479879,8461323895330178444,tf,1,10697,1675329486728,1,110
F3B50AA68B516324E053BB15000A0390,02-FEB-23 09.18.06.895864000 AM,[unsupported data type],8,0,112,311,.01164753083139658,8461323895330178444,tf,1,10725,1675329486893,1,110
F3B50AA68B536324E053BB15000A0390,02-FEB-23 09.18.07.010925000 AM,[unsupported data type],8,0,114,311,.012649708427488804,8461323895330178444,tf,1,10745,1675329487008,1,110
F3B50AA68B576324E053BB15000A0390,02-FEB-23 09.18.07.242355000 AM,[unsupported data type],8,0,118,312,.023481005802750587,8461323895330178444,tf,1,10780,1675329487240,1,110
F3B50AA68B596324E053BB15000A0390,02-FEB-23 09.18.07.358886000 AM,[unsupported data type],8,0,120,313,.0289541594684124,8461323895330178444,tf,1,10797,1675329487356,1,110
F3B50AA68B5B6324E053BB15000A0390,02-FEB-23 09.18.07.460426000 AM,[unsupported data type],8,1,123,308,.07431305199861526,8461323895330178444,tf,0,10409,1675329487458,0,110
F3B50AA68B5D6324E053BB15000A0390,02-FEB-23 09.18.07.573145000 AM,[unsupported data type],8,.8594490885734558,125,293,.09125860035419464,8461323895330178444,tf,0,9914,1675329487559,0,110
F3B50AA68B5F6324E053BB15000A0390,02-FEB-23 09.18.07.674380000 AM,[unsupported data type],8,.808872640132904,127,281,.17746500670909882,8461323895330178444,tf,0,9485,1675329487661,0,110
F3B50AA68B616324E053BB15000A0390,02-FEB-23 09.18.07.766449000 AM,[unsupported data type],7,.6682373881340027,129,270,.15795092284679413,8461323895330178444,tf,0,10715,1675329487763,0,110
F3B50AA68B626324E053BB15000A0390,02-FEB-23 09.18.07.817692000 AM,[unsupported data type],7,.6647043824195862,130,264,.22189784049987793,8461323895330178444,tf,0,10472,1675329487815,0,110
F3B50AA68B646324E053BB15000A0390,02-FEB-23 09.18.07.936195000 AM,[unsupported data type],7,.29030096530914307,132,254,.3084809482097626,8461323895330178444,tf,0,10148,1675329487934,0,110
F3B50AA68B666324E053BB15000A0390,02-FEB-23 09.18.08.019352000 AM,[unsupported data type],7,.49468690156936646,134,246,.32418471574783325,8461323895330178444,tf,0,9740,1675329488017,0,110
F3B50AA68B686324E053BB15000A0390,02-FEB-23 09.18.08.136129000 AM,[unsupported data type],6,.10041821748018265,136,237,.33263543248176575,8461323895330178444,tf,0,10684,1675329488133,0,110
F3B50AA68B6A6324E053BB15000A0390,02-FEB-23 09.18.08.252274000 AM,[unsupported data type],6,0,138,232,.3558711111545563,8461323895330178444,tf,0,10506,1675329488250,0,110
F3B50AA68B6C6324E053BB15000A0390,02-FEB-23 09.18.08.365473000 AM,[unsupported data type],6,0,140,228,.37416741251945496,8461323895330178444,tf,0,10329,1675329488363,0,110
F3B50AA68B716324E053BB15000A0390,02-FEB-23 09.18.08.640940000 AM,[unsupported data type],6,0,146,223,.3805885910987854,8461323895330178444,tf,.5460773706436157,10226,1675329488638,0,110
F3B50AA68B736324E053BB15000A0390,02-FEB-23 09.18.08.753203000 AM,[unsupported data type],6,0,148,222,.3768886923789978,8461323895330178444,tf,.6148459911346436,10241,1675329488750,0,110
F3B50AA68C73669FE053BB15000A09F5,02-FEB-23 09.18.06.584308000 AM,[unsupported data type],8,0,104,309,.004170483443886042,8461323895330178444,tf,1,10657,1675329486513,1,110
F3B50AA68C75669FE053BB15000A09F5,02-FEB-23 09.18.06.681926000 AM,[unsupported data type],8,0,107,309,.011795912869274616,8461323895330178444,tf,1,10689,1675329486679,1,110
F3B50AA68C77669FE053BB15000A09F5,02-FEB-23 09.18.06.799013000 AM,[unsupported data type],8,0,109,310,.013578117825090885,8461323895330178444,tf,1,10709,1675329486794,1,110
F3B50AA68C7D669FE053BB15000A09F5,02-FEB-23 09.18.07.127252000 AM,[unsupported data type],8,0,116,312,.006460885517299175,8461323895330178444,tf,1,10764,1675329487124,1,110
F3B50AA68C82669FE053BB15000A09F5,02-FEB-23 09.18.07.409103000 AM,[unsupported data type],8,0,122,313,.06530582159757614,8461323895330178444,tf,1,10804,1675329487406,0,110
F3B50AA68C84669FE053BB15000A09F5,02-FEB-23 09.18.07.511984000 AM,[unsupported data type],8,.8067066073417664,124,300,.03320721164345741,8461323895330178444,tf,0,10167,1675329487509,0,110
F3B50AA68C88669FE053BB15000A09F5,02-FEB-23 09.18.07.715423000 AM,[unsupported data type],8,.1145990714430809,128,276,.13966606557369232,8461323895330178444,tf,0,10406,1675329487712,0,110
F3B50AA68C8B669FE053BB15000A09F5,02-FEB-23 09.18.07.869089000 AM,[unsupported data type],7,.3652217388153076,131,259,.2692434787750244,8461323895330178444,tf,0,10351,1675329487866,0,110
F3B50AA68C8F669FE053BB15000A09F5,02-FEB-23 09.18.08.086144000 AM,[unsupported data type],6,.22466735541820526,135,240,.3267364799976349,8461323895330178444,tf,0,10817,1675329488083,0,110
F3B50AA68C91669FE053BB15000A09F5,02-FEB-23 09.18.08.186267000 AM,[unsupported data type],6,0,137,235,.34248054027557373,8461323895330178444,tf,0,10617,1675329488184,0,110
F3B50AA68C96669FE053BB15000A09F5,02-FEB-23 09.18.08.490929000 AM,[unsupported data type],6,0,143,226,.37928035855293274,8461323895330178444,tf,.4706173539161682,10318,1675329488477,0,110
F3B50AA6C96C66A1E053BB15000AC4D9,02-FEB-23 09.18.08.715381000 AM,[unsupported data type],6,0,147,223,.37324243783950806,8461323895330178444,tf,.582058310508728,10228,1675329488702,0,110
F3B50AA68C54669FE053BB15000A09F5,02-FEB-23 09.18.04.757272000 AM,[unsupported data type],0,0,69,0,0,8461323895330178444,tf,0,3429,1675329484755,0,110
F3B50AA68C56669FE053BB15000A09F5,02-FEB-23 09.18.04.862996000 AM,[unsupported data type],0,0,71,0,0,8461323895330178444,tf,0,3429,1675329484860,0,110
F3B50AA68C58669FE053BB15000A09F5,02-FEB-23 09.18.04.968582000 AM,[unsupported data type],0,0,73,0,0,8461323895330178444,tf,0,3429,1675329484966,0,110
F3B50AA68C5D669FE053BB15000A09F5,02-FEB-23 09.18.05.251332000 AM,[unsupported data type],0,0,78,0,0,8461323895330178444,tf,0,3429,1675329485249,0,110
F3B50AA68C5F669FE053BB15000A09F5,02-FEB-23 09.18.05.358346000 AM,[unsupported data type],0,0,80,0,0,8461323895330178444,tf,0,3429,1675329485356,0,110
F3B50AA68C61669FE053BB15000A09F5,02-FEB-23 09.18.05.463841000 AM,[unsupported data type],0,0,82,0,0,8461323895330178444,tf,0,3429,1675329485461,0,110
F3B50AA68C63669FE053BB15000A09F5,02-FEB-23 09.18.05.570311000 AM,[unsupported data type],0,0,84,0,0,8461323895330178444,tf,0,3429,1675329485567,0,110
F3B50AA68C65669FE053BB15000A09F5,02-FEB-23 09.18.05.676222000 AM,[unsupported data type],0,0,86,0,0,8461323895330178444,tf,0,3429,1675329485673,0,110
F3B50AA68C67669FE053BB15000A09F5,02-FEB-23 09.18.05.803542000 AM,[unsupported data type],0,0,88,0,0,8461323895330178444,tf,0,3429,1675329485780,0,110
F3B50AA68C6A669FE053BB15000A09F5,02-FEB-23 09.18.05.923152000 AM,[unsupported data type],0,0,92,0,0,8461323895330178444,tf,0,3429,1675329485921,0,110
F3B50AA68C6C669FE053BB15000A09F5,02-FEB-23 09.18.06.028596000 AM,[unsupported data type],0,0,94,0,0,8461323895330178444,tf,0,3429,1675329486026,0,110
F3B50AA68C6E669FE053BB15000A09F5,02-FEB-23 09.18.06.135446000 AM,[unsupported data type],0,0,96,0,0,8461323895330178444,tf,0,3518,1675329486133,0,110
F3B50AA68C71669FE053BB15000A09F5,02-FEB-23 09.18.06.342143000 AM,[unsupported data type],8,0,99,307,.02760097198188305,8461323895330178444,tf,1,10628,1675329486328,1,110
F3B50AA6C96E66A1E053BB15000AC4D9,02-FEB-23 09.18.08.816248000 AM,[unsupported data type],6,0,149,222,.37827053666114807,8461323895330178444,tf,.6523438692092896,10189,1675329488814,0,110
F3B50AA68B756324E053BB15000A0390,02-FEB-23 09.18.08.862864000 AM,[unsupported data type],6,0,150,222,.37036797404289246,8461323895330178444,tf,.6759313344955444,10170,1675329488860,0,110
F3B50AA6C97066A1E053BB15000AC4D9,02-FEB-23 09.18.08.925917000 AM,[unsupported data type],6,0,152,222,.33874034881591797,8461323895330178444,tf,.7002125978469849,10162,1675329488923,0,110
F3B50AA68B776324E053BB15000A0390,02-FEB-23 09.18.08.972957000 AM,[unsupported data type],6,0,153,221,.3322412371635437,8461323895330178444,tf,.519303560256958,10150,1675329488970,0,110
F3B50AA6C97266A1E053BB15000AC4D9,02-FEB-23 09.18.09.036121000 AM,[unsupported data type],6,0,154,221,.32259586453437805,8461323895330178444,tf,.4757760465145111,10093,1675329489033,0,110
F3B50AA68B796324E053BB15000A0390,02-FEB-23 09.18.09.083596000 AM,[unsupported data type],6,0,155,220,.3078610301017761,8461323895330178444,tf,.48534491658210754,10064,1675329489081,0,110
F3B50AA6C97466A1E053BB15000AC4D9,02-FEB-23 09.18.09.149153000 AM,[unsupported data type],6,0,156,219,.28991368412971497,8461323895330178444,tf,.4503931701183319,10045,1675329489146,0,110
F3B50AA68B7B6324E053BB15000A0390,02-FEB-23 09.18.09.196336000 AM,[unsupported data type],6,0,157,219,.2859107255935669,8461323895330178444,tf,.6412302851676941,10066,1675329489194,0,110
F3B50AA6C97666A1E053BB15000AC4D9,02-FEB-23 09.18.09.259940000 AM,[unsupported data type],6,0,158,219,.31200993061065674,8461323895330178444,tf,.7238783836364746,10093,1675329489257,0,110
F3B50AA68B7D6324E053BB15000A0390,02-FEB-23 09.18.09.306924000 AM,[unsupported data type],6,0,159,219,.2922135293483734,8461323895330178444,tf,.7233385443687439,10059,1675329489304,0,110
F3B50AA6C97866A1E053BB15000AC4D9,02-FEB-23 09.18.09.369611000 AM,[unsupported data type],6,0,160,219,.26148414611816406,8461323895330178444,tf,.8177796602249146,10099,1675329489367,0,110
F3B50AA68B7F6324E053BB15000A0390,02-FEB-23 09.18.09.417515000 AM,[unsupported data type],6,0,162,219,.24072405695915222,8461323895330178444,tf,.8515044450759888,10164,1675329489415,0,110
F3B50AA6C98566A1E053BB15000AC4D9,02-FEB-23 09.18.10.078887000 AM,[unsupported data type],6,0,175,225,.2600289285182953,8461323895330178444,tf,.6898123025894165,10294,1675329490076,0,110
F3B50AA6C98766A1E053BB15000AC4D9,02-FEB-23 09.18.10.187683000 AM,[unsupported data type],6,0,177,226,.2599217891693115,8461323895330178444,tf,1,10489,1675329490185,0,110
F3B50AA6C98B66A1E053BB15000AC4D9,02-FEB-23 09.18.10.401200000 AM,[unsupported data type],6,0,181,229,.19787190854549408,8461323895330178444,tf,1,10635,1675329490399,0,110
F3B50AA6C98F66A1E053BB15000AC4D9,02-FEB-23 09.18.10.613287000 AM,[unsupported data type],6,0,185,231,.16091907024383545,8461323895330178444,tf,1,10699,1675329490611,0,110
F3B50AA6C99166A1E053BB15000AC4D9,02-FEB-23 09.18.10.718732000 AM,[unsupported data type],6,0,187,233,.181722953915596,8461323895330178444,tf,1,10819,1675329490716,0,110
F3B50AA6C99366A1E053BB15000AC4D9,02-FEB-23 09.18.10.823326000 AM,[unsupported data type],6,0,189,235,.1337617188692093,8461323895330178444,tf,1,10818,1675329490821,0,110
F3B50AA6C99866A1E053BB15000AC4D9,02-FEB-23 09.18.11.098650000 AM,[unsupported data type],6,0,195,240,.13552536070346832,8461323895330178444,tf,1,11010,1675329491096,0,110
F3B50AA6C99C66A1E053BB15000AC4D9,02-FEB-23 09.18.11.314263000 AM,[unsupported data type],6,0,200,244,.09815536439418793,8461323895330178444,tf,1,11186,1675329491312,0,110
F3B50AA6C99E66A1E053BB15000AC4D9,02-FEB-23 09.18.11.424886000 AM,[unsupported data type],6,0,203,246,-.010875293985009193,8461323895330178444,tf,1,11280,1675329491422,0,110
F3B50AA6C9A066A1E053BB15000AC4D9,02-FEB-23 09.18.11.530171000 AM,[unsupported data type],6,0,205,249,-.010795031674206257,8461323895330178444,tf,1,11389,1675329491528,0,110
F3B50AA6C9A466A1E053BB15000AC4D9,02-FEB-23 09.18.11.748668000 AM,[unsupported data type],6,0,209,253,-.049784816801548004,8461323895330178444,tf,1,11591,1675329491746,0,110
F3B50AA6C9A766A1E053BB15000AC4D9,02-FEB-23 09.18.11.905173000 AM,[unsupported data type],6,0,212,256,-.041412074118852615,8461323895330178444,tf,1,11731,1675329491902,0,110
F3B50AA6C9A966A1E053BB15000AC4D9,02-FEB-23 09.18.12.015766000 AM,[unsupported data type],7,0,214,257,-.03461764380335808,8461323895330178444,tf,1,10441,1675329492013,0,110
F3B50AA6C9AC66A1E053BB15000AC4D9,02-FEB-23 09.18.12.194376000 AM,[unsupported data type],7,0,217,260,-.00010746408224804327,8461323895330178444,tf,1,10579,1675329492191,0,110
F3B50AA6C9AE66A1E053BB15000AC4D9,02-FEB-23 09.18.12.308756000 AM,[unsupported data type],7,0,219,263,0,8461323895330178444,tf,1,10658,1675329492306,0,110
F3B50AA68CE2669FE053BB15000A09F5,02-FEB-23 09.18.12.653341000 AM,[unsupported data type],7,0,226,268,-.00977285485714674,8461323895330178444,tf,1,10885,1675329492651,0,110
F3B50AA6C9B566A1E053BB15000AC4D9,02-FEB-23 09.18.12.702587000 AM,[unsupported data type],7,0,227,269,-.020495586097240448,8461323895330178444,tf,1,10917,1675329492700,0,110
F3B50AA68CE4669FE053BB15000A09F5,02-FEB-23 09.18.12.768315000 AM,[unsupported data type],7,0,228,270,-.04025213420391083,8461323895330178444,tf,1,10959,1675329492765,0,110
F3B50AA6C9B766A1E053BB15000AC4D9,02-FEB-23 09.18.12.816349000 AM,[unsupported data type],7,0,229,271,-.05915435403585434,8461323895330178444,tf,1,10988,1675329492814,0,110
F3B50AA6C9B966A1E053BB15000AC4D9,02-FEB-23 09.18.12.932532000 AM,[unsupported data type],7,0,232,272,-.11746173352003098,8461323895330178444,tf,1,11055,1675329492930,0,110
F3B50AA68CE9669FE053BB15000A09F5,02-FEB-23 09.18.13.032606000 AM,[unsupported data type],7,0,234,273,-.12562432885169983,8461323895330178444,tf,1,11107,1675329493030,0,110
F3B50AA68CEB669FE053BB15000A09F5,02-FEB-23 09.18.13.147885000 AM,[unsupported data type],7,0,236,274,-.0001512121525593102,8461323895330178444,tf,1,11141,1675329493145,0,110
F3B50AA6C9BE66A1E053BB15000AC4D9,02-FEB-23 09.18.13.212602000 AM,[unsupported data type],7,0,237,275,0,8461323895330178444,tf,1,11169,1675329493210,0,110
F3B50AA68CED669FE053BB15000A09F5,02-FEB-23 09.18.13.260163000 AM,[unsupported data type],7,0,238,276,.004500240087509155,8461323895330178444,tf,1,11194,1675329493257,0,110
F3B50AA68B8A6324E053BB15000A0390,02-FEB-23 09.18.10.032478000 AM,[unsupported data type],6,0,174,225,.28110572695732117,8461323895330178444,tf,.7011961936950684,10291,1675329490030,0,110
F3B50AA68B8C6324E053BB15000A0390,02-FEB-23 09.18.10.141286000 AM,[unsupported data type],6,0,176,225,.2602965533733368,8461323895330178444,tf,1,10435,1675329490139,0,110
F3B50AA68B8E6324E053BB15000A0390,02-FEB-23 09.18.10.249209000 AM,[unsupported data type],6,0,178,227,.24180975556373596,8461323895330178444,tf,1,10516,1675329490247,0,110
F3B50AA68B906324E053BB15000A0390,02-FEB-23 09.18.10.355565000 AM,[unsupported data type],6,0,180,228,.2006315439939499,8461323895330178444,tf,1,10595,1675329490353,0,110
F3B50AA68B926324E053BB15000A0390,02-FEB-23 09.18.10.461709000 AM,[unsupported data type],6,0,182,229,.1846437305212021,8461323895330178444,tf,1,10657,1675329490459,0,110
F3B50AA68B946324E053BB15000A0390,02-FEB-23 09.18.10.568234000 AM,[unsupported data type],6,0,184,231,.1597362458705902,8461323895330178444,tf,1,10681,1675329490566,0,110
F3B50AA68B966324E053BB15000A0390,02-FEB-23 09.18.10.673552000 AM,[unsupported data type],6,0,186,232,.17271503806114197,8461323895330178444,tf,1,10774,1675329490671,0,110
F3B50AA68B986324E053BB15000A0390,02-FEB-23 09.18.10.778271000 AM,[unsupported data type],6,0,188,234,.14251437783241272,8461323895330178444,tf,1,10794,1675329490776,0,110
F3B50AA68B9B6324E053BB15000A0390,02-FEB-23 09.18.10.930254000 AM,[unsupported data type],6,0,192,236,.12651656568050385,8461323895330178444,tf,1,10867,1675329490928,0,110
F3B50AA68B9D6324E053BB15000A0390,02-FEB-23 09.18.11.037499000 AM,[unsupported data type],6,0,194,238,.09481101483106613,8461323895330178444,tf,1,10966,1675329491035,0,110
F3B50AA68BA06324E053BB15000A0390,02-FEB-23 09.18.11.205571000 AM,[unsupported data type],6,0,197,242,.06847817450761795,8461323895330178444,tf,1,11115,1675329491203,0,110
F3B50AA68BA36324E053BB15000A0390,02-FEB-23 09.18.11.360998000 AM,[unsupported data type],6,0,201,245,.06456922739744186,8461323895330178444,tf,1,11230,1675329491358,0,110
F3B50AA68BA56324E053BB15000A0390,02-FEB-23 09.18.11.468287000 AM,[unsupported data type],6,0,204,247,-.041829969733953476,8461323895330178444,tf,1,11332,1675329491466,0,110
F3B50AA68BA76324E053BB15000A0390,02-FEB-23 09.18.11.577009000 AM,[unsupported data type],6,0,206,250,.007223490159958601,8461323895330178444,tf,1,11438,1675329491574,0,110
F3B50AA68BA96324E053BB15000A0390,02-FEB-23 09.18.11.685986000 AM,[unsupported data type],6,0,208,252,-.05347377434372902,8461323895330178444,tf,1,11536,1675329491683,0,110
F3B50AA68BAB6324E053BB15000A0390,02-FEB-23 09.18.11.795740000 AM,[unsupported data type],6,0,210,254,-.03357185050845146,8461323895330178444,tf,1,11635,1675329491793,0,110
F3B50AA68BB06324E053BB15000A0390,02-FEB-23 09.18.12.080521000 AM,[unsupported data type],7,0,215,258,-.0285914596170187,8461323895330178444,tf,1,10495,1675329492078,0,110
F3B50AA68BB36324E053BB15000A0390,02-FEB-23 09.18.12.242247000 AM,[unsupported data type],7,0,218,261,0,8461323895330178444,tf,1,10611,1675329492240,0,110
F3B50AA68BB56324E053BB15000A0390,02-FEB-23 09.18.12.357587000 AM,[unsupported data type],7,0,220,264,0,8461323895330178444,tf,1,10695,1675329492355,0,110
F3B50AA68BB76324E053BB15000A0390,02-FEB-23 09.18.12.473212000 AM,[unsupported data type],7,0,223,266,0,8461323895330178444,tf,1,10772,1675329492470,0,110
F3B50AA68BB96324E053BB15000A0390,02-FEB-23 09.18.12.588495000 AM,[unsupported data type],7,0,225,268,-.0011501548578962684,8461323895330178444,tf,1,10857,1675329492586,0,110
F3B50AA68BBE6324E053BB15000A0390,02-FEB-23 09.18.12.883266000 AM,[unsupported data type],7,0,230,272,-.08995305001735687,8461323895330178444,tf,1,11028,1675329492881,0,110
F3B50AA68BC06324E053BB15000A0390,02-FEB-23 09.18.12.982406000 AM,[unsupported data type],7,0,233,273,-.14877815544605255,8461323895330178444,tf,1,11083,1675329492980,0,110
F3B50AA68BC26324E053BB15000A0390,02-FEB-23 09.18.13.098216000 AM,[unsupported data type],7,0,235,274,-.012576017528772354,8461323895330178444,tf,1,11132,1675329493096,0,110
F3B50AA68BC66324E053BB15000A0390,02-FEB-23 09.18.13.324427000 AM,[unsupported data type],7,0,239,277,.015738533809781075,8461323895330178444,tf,1,11228,1675329493322,0,110
F3B50AA68CB7669FE053BB15000A09F5,02-FEB-23 09.18.10.294886000 AM,[unsupported data type],6,0,179,227,.22049501538276672,8461323895330178444,tf,1,10549,1675329490292,0,110
F3B50AA68CBB669FE053BB15000A09F5,02-FEB-23 09.18.10.507422000 AM,[unsupported data type],6,0,183,230,.1722005009651184,8461323895330178444,tf,1,10666,1675329490505,0,110
F3B50AA68CC2669FE053BB15000A09F5,02-FEB-23 09.18.10.884249000 AM,[unsupported data type],6,0,190,236,.13057644665241241,8461323895330178444,tf,1,10852,1675329490882,0,110
F3B50AA68CC4669FE053BB15000A09F5,02-FEB-23 09.18.10.992384000 AM,[unsupported data type],6,0,193,238,.10499682277441025,8461323895330178444,tf,1,10918,1675329490990,0,110
F3B50AA68CC7669FE053BB15000A09F5,02-FEB-23 09.18.11.144359000 AM,[unsupported data type],6,0,196,241,.11628546565771103,8461323895330178444,tf,1,11042,1675329491142,0,110
F3B50AA68CC9669FE053BB15000A09F5,02-FEB-23 09.18.11.252134000 AM,[unsupported data type],6,0,198,243,.03265261650085449,8461323895330178444,tf,1,11143,1675329491249,0,110
F3B50AA68CD0669FE053BB15000A09F5,02-FEB-23 09.18.11.639107000 AM,[unsupported data type],6,0,207,251,-.02591080218553543,8461323895330178444,tf,1,11495,1675329491636,0,110
F3B50AA68CD4669FE053BB15000A09F5,02-FEB-23 09.18.11.859297000 AM,[unsupported data type],6,0,211,256,-.037719402462244034,8461323895330178444,tf,1,11692,1675329491856,0,110
F3B50AA68CD6669FE053BB15000A09F5,02-FEB-23 09.18.11.967829000 AM,[unsupported data type],6,0,213,257,-.03885510936379433,8461323895330178444,tf,1,11646,1675329491965,0,110
F3B50AA68CD9669FE053BB15000A09F5,02-FEB-23 09.18.12.128263000 AM,[unsupported data type],7,0,216,259,-.027569446712732315,8461323895330178444,tf,1,10537,1675329492126,0,110
F3B50AA68CDE669FE053BB15000A09F5,02-FEB-23 09.18.12.423343000 AM,[unsupported data type],7,0,222,265,0,8461323895330178444,tf,1,10740,1675329492421,0,110
F3B50AA68CE0669FE053BB15000A09F5,02-FEB-23 09.18.12.538870000 AM,[unsupported data type],7,0,224,267,0,8461323895330178444,tf,1,10828,1675329492536,0,110
F3B50AA68CEF669FE053BB15000A09F5,02-FEB-23 09.18.13.372050000 AM,[unsupported data type],7,0,240,277,.028024479746818542,8461323895330178444,tf,1,11254,1675329493369,0,110
F3B50AA68BC86324E053BB15000A0390,02-FEB-23 09.18.13.434937000 AM,[unsupported data type],7,0,242,278,.049404922872781754,8461323895330178444,tf,1,11288,1675329493432,0,110
F3B50AA68BCA6324E053BB15000A0390,02-FEB-23 09.18.13.549859000 AM,[unsupported data type],7,0,244,280,0,8461323895330178444,tf,1,11342,1675329493545,0,110
F3B50AA68CF3669FE053BB15000A09F5,02-FEB-23 09.18.13.599601000 AM,[unsupported data type],7,0,245,280,0,8461323895330178444,tf,1,11364,1675329493595,0,110
F3B50AA68CF5669FE053BB15000A09F5,02-FEB-23 09.18.13.700608000 AM,[unsupported data type],7,0,247,281,0,8461323895330178444,tf,1,11410,1675329493697,0,110
F3B50AA68BCF6324E053BB15000A0390,02-FEB-23 09.18.13.806980000 AM,[unsupported data type],7,0,249,283,-.0137703325599432,8461323895330178444,tf,1,11462,1675329493804,0,110
F3B50AA68CF9669FE053BB15000A09F5,02-FEB-23 09.18.13.910714000 AM,[unsupported data type],7,0,251,284,-.04380839690566063,8461323895330178444,tf,1,11505,1675329493908,0,110
F3B50AA68BD26324E053BB15000A0390,02-FEB-23 09.18.13.961726000 AM,[unsupported data type],7,0,253,284,-.06427788734436035,8461323895330178444,tf,1,11528,1675329493959,0,110
F3B50AA68CFB669FE053BB15000A09F5,02-FEB-23 09.18.14.013004000 AM,[unsupported data type],7,0,254,285,-.08830802887678146,8461323895330178444,tf,1,11549,1675329494010,0,110
F3B50AA68BD46324E053BB15000A0390,02-FEB-23 09.18.14.062488000 AM,[unsupported data type],7,0,255,285,-.07173730432987213,8461323895330178444,tf,1,11575,1675329494060,0,110
F3B50AA68CFD669FE053BB15000A09F5,02-FEB-23 09.18.14.127942000 AM,[unsupported data type],7,0,256,286,-.0006061988533474505,8461323895330178444,tf,1,11587,1675329494125,0,110
F3B50AA68BD66324E053BB15000A0390,02-FEB-23 09.18.14.178148000 AM,[unsupported data type],7,0,257,286,0,8461323895330178444,tf,1,11602,1675329494175,0,110
F3B50AA6C9C366A1E053BB15000AC4D9,02-FEB-23 09.18.13.483754000 AM,[unsupported data type],7,0,243,279,.002778018359094858,8461323895330178444,tf,1,11311,1675329493481,0,110
F3B50AA6C9C666A1E053BB15000AC4D9,02-FEB-23 09.18.13.650359000 AM,[unsupported data type],7,0,246,281,0,8461323895330178444,tf,1,11385,1675329493645,0,110
F3B50AA6C9C866A1E053BB15000AC4D9,02-FEB-23 09.18.13.753138000 AM,[unsupported data type],7,0,248,282,-.004858931992202997,8461323895330178444,tf,1,11434,1675329493749,0,110
F3B50AA6C9CA66A1E053BB15000AC4D9,02-FEB-23 09.18.13.859263000 AM,[unsupported data type],7,0,250,283,-.026842137798666954,8461323895330178444,tf,1,11494,1675329493857,0,110
F3B50AA68CFF669FE053BB15000A09F5,02-FEB-23 09.18.14.228660000 AM,[unsupported data type],7,0,258,287,0,8461323895330178444,tf,1,11621,1675329494226,0,110
F3B50AA68BD86324E053BB15000A0390,02-FEB-23 09.18.14.294893000 AM,[unsupported data type],7,0,259,287,0,8461323895330178444,tf,1,11642,1675329494292,0,110
F3B50AA68D01669FE053BB15000A09F5,02-FEB-23 09.18.14.345593000 AM,[unsupported data type],7,0,260,288,0,8461323895330178444,tf,1,11662,1675329494343,0,110
F3B50AA68BDA6324E053BB15000A0390,02-FEB-23 09.18.14.411788000 AM,[unsupported data type],7,0,261,288,0,8461323895330178444,tf,1,11699,1675329494409,0,110
F3B50AA68D03669FE053BB15000A09F5,02-FEB-23 09.18.14.461248000 AM,[unsupported data type],7,.6167454719543457,263,284,0,8461323895330178444,tf,.3333333134651184,11369,1675329494459,0,110
F3B50AA68BDC6324E053BB15000A0390,02-FEB-23 09.18.14.512230000 AM,[unsupported data type],7,.6666666865348816,264,279,0,8461323895330178444,tf,.3333333134651184,11155,1675329494510,0,110
F3B50AA68D05669FE053BB15000A09F5,02-FEB-23 09.18.14.563343000 AM,[unsupported data type],7,.6666666865348816,265,274,0,8461323895330178444,tf,.3333333134651184,10948,1675329494561,0,110
F3B50AA68BDE6324E053BB15000A0390,02-FEB-23 09.18.14.613938000 AM,[unsupported data type],7,.6666666865348816,266,269,0,8461323895330178444,tf,.3333333134651184,10753,1675329494611,0,110
F3B50AA68BE06324E053BB15000A0390,02-FEB-23 09.18.14.716907000 AM,[unsupported data type],7,1,268,257,0,8461323895330178444,tf,0,10156,1675329494714,0,110
F3B50AA68BE36324E053BB15000A0390,02-FEB-23 09.18.14.869396000 AM,[unsupported data type],6,1,271,235,0,8461323895330178444,tf,0,10418,1675329494866,0,110
F3B50AA68BE56324E053BB15000A0390,02-FEB-23 09.18.14.971747000 AM,[unsupported data type],6,1,274,220,0,8461323895330178444,tf,0,9780,1675329494969,0,110
F3B50AA68BE76324E053BB15000A0390,02-FEB-23 09.18.15.074178000 AM,[unsupported data type],6,1,276,205,0,8461323895330178444,tf,0,10196,1675329495072,0,110
F3B50AA68BE96324E053BB15000A0390,02-FEB-23 09.18.15.190273000 AM,[unsupported data type],5,1,278,190,-.01674230955541134,8461323895330178444,tf,0,9917,1675329495188,0,110
F3B50AA68BEB6324E053BB15000A0390,02-FEB-23 09.18.15.306947000 AM,[unsupported data type],5,1,280,175,-.06799570471048355,8461323895330178444,tf,0,9071,1675329495304,0,110
F3B50AA68BED6324E053BB15000A0390,02-FEB-23 09.18.15.422237000 AM,[unsupported data type],4,1,282,161,-.16094492375850677,8461323895330178444,tf,0,9563,1675329495420,0,110
F3B50AA68BF26324E053BB15000A0390,02-FEB-23 09.18.15.689391000 AM,[unsupported data type],3,1,288,136,-.4458683133125305,8461323895330178444,tf,0,9350,1675329495687,0,110
F3B50AA68BF46324E053BB15000A0390,02-FEB-23 09.18.15.806026000 AM,[unsupported data type],3,1,290,128,-.47359803318977356,8461323895330178444,tf,0,8896,1675329495803,0,110
F3B50AA68BF86324E053BB15000A0390,02-FEB-23 09.18.16.032632000 AM,[unsupported data type],2,1,295,112,-.5366645455360413,8461323895330178444,tf,0,10484,1675329496030,0,110
F3B50AA6C9FF66A1E053BB15000AC4D9,02-FEB-23 09.18.16.753039000 AM,[unsupported data type],2,0,310,87,-.6874465942382812,8461323895330178444,tf,.7032793760299683,7990,1675329496750,0,110
F3B50AA6CA0566A1E053BB15000AC4D9,02-FEB-23 09.18.17.083345000 AM,[unsupported data type],2,0,317,90,-.6664953827857971,8461323895330178444,tf,.6838338971138,8314,1675329497081,0,110
F3B50AA6CA0766A1E053BB15000AC4D9,02-FEB-23 09.18.17.194207000 AM,[unsupported data type],2,0,319,91,-.6610220074653625,8461323895330178444,tf,.6755627393722534,8553,1675329497192,0,110
F3B50AA6CA0966A1E053BB15000AC4D9,02-FEB-23 09.18.17.306597000 AM,[unsupported data type],2,0,321,93,-.00038147674058564007,8461323895330178444,tf,.5815158486366272,8475,1675329497304,0,110
F3B50AA6CA0C66A1E053BB15000AC4D9,02-FEB-23 09.18.17.482987000 AM,[unsupported data type],2,0,325,99,.006790735758841038,8461323895330178444,tf,1,9270,1675329497480,0,110
F3B50AA6CA1166A1E053BB15000AC4D9,02-FEB-23 09.18.17.756661000 AM,[unsupported data type],2,0,330,109,.01980007067322731,8461323895330178444,tf,1,10050,1675329497754,0,110
F3B50AA6CA1366A1E053BB15000AC4D9,02-FEB-23 09.18.17.869128000 AM,[unsupported data type],2,0,332,113,0,8461323895330178444,tf,1,10391,1675329497867,0,110
F3B50AA6CA1866A1E053BB15000AC4D9,02-FEB-23 09.18.18.159952000 AM,[unsupported data type],2,0,338,123,.20215830206871033,8461323895330178444,tf,1,11455,1675329498157,0,110
F3B50AA6CA1A66A1E053BB15000AC4D9,02-FEB-23 09.18.18.273055000 AM,[unsupported data type],2,0,340,126,.362742155790329,8461323895330178444,tf,1,11693,1675329498270,0,110
F3B50AA6CA1C66A1E053BB15000AC4D9,02-FEB-23 09.18.18.386974000 AM,[unsupported data type],2,0,342,127,.4832046926021576,8461323895330178444,tf,0,11366,1675329498384,0,110
F3B50AA6CA1F66A1E053BB15000AC4D9,02-FEB-23 09.18.18.551555000 AM,[unsupported data type],2,1,346,116,.5256137847900391,8461323895330178444,tf,0,10202,1675329498549,0,110
F3B50AA68D53669FE053BB15000A09F5,02-FEB-23 09.18.18.873408000 AM,[unsupported data type],2,0,353,112,.5438653826713562,8461323895330178444,tf,.670183002948761,10320,1675329498871,0,110
F3B50AA68D54669FE053BB15000A09F5,02-FEB-23 09.18.18.924929000 AM,[unsupported data type],2,0,354,113,.5410937070846558,8461323895330178444,tf,.748757004737854,10361,1675329498922,0,110
F3B50AA6CA2766A1E053BB15000AC4D9,02-FEB-23 09.18.18.975724000 AM,[unsupported data type],2,0,355,114,.5381020903587341,8461323895330178444,tf,.8378614187240601,10470,1675329498973,0,110
F3B50AA68D56669FE053BB15000A09F5,02-FEB-23 09.18.19.025920000 AM,[unsupported data type],2,0,356,115,.5355371236801147,8461323895330178444,tf,.8940955996513367,10692,1675329499023,0,110
F3B50AA6CA2966A1E053BB15000AC4D9,02-FEB-23 09.18.19.076404000 AM,[unsupported data type],2,0,357,115,.5328312516212463,8461323895330178444,tf,.8452428579330444,10757,1675329499074,0,110
F3B50AA68D58669FE053BB15000A09F5,02-FEB-23 09.18.19.127917000 AM,[unsupported data type],2,0,358,116,.5297849774360657,8461323895330178444,tf,.7240885496139526,10670,1675329499125,0,110
F3B50AA6CA2B66A1E053BB15000AC4D9,02-FEB-23 09.18.19.179263000 AM,[unsupported data type],2,0,359,117,.5269443392753601,8461323895330178444,tf,.5959092378616333,10662,1675329499177,0,110
F3B50AA68C326324E053BB15000A0390,02-FEB-23 09.18.19.230028000 AM,[unsupported data type],2,0,360,117,.5242452025413513,8461323895330178444,tf,.8417682647705078,10764,1675329499227,0,110
F3B50AA6CA2D66A1E053BB15000AC4D9,02-FEB-23 09.18.19.281046000 AM,[unsupported data type],2,0,361,118,.5217252373695374,8461323895330178444,tf,.893643319606781,10964,1675329499278,0,110
F3B50AA68C346324E053BB15000A0390,02-FEB-23 09.18.19.331234000 AM,[unsupported data type],2,0,362,119,.5193074345588684,8461323895330178444,tf,.8514022827148438,11082,1675329499329,0,110
F3B50AA68D5D669FE053BB15000A09F5,02-FEB-23 09.18.19.382416000 AM,[unsupported data type],2,0,363,119,.5165582895278931,8461323895330178444,tf,.6821975708007812,10951,1675329499380,0,110
F3B50AA6C9DB66A1E053BB15000AC4D9,02-FEB-23 09.18.14.768669000 AM,[unsupported data type],7,1,269,249,0,8461323895330178444,tf,0,9854,1675329494766,0,110
F3B50AA6C9DE66A1E053BB15000AC4D9,02-FEB-23 09.18.14.920768000 AM,[unsupported data type],6,1,272,227,0,8461323895330178444,tf,0,10083,1675329494918,0,110
F3B50AA6C9E666A1E053BB15000AC4D9,02-FEB-23 09.18.15.372701000 AM,[unsupported data type],4,1,281,166,-.1157938539981842,8461323895330178444,tf,0,10082,1675329495370,0,110
F3B50AA6C9E866A1E053BB15000AC4D9,02-FEB-23 09.18.15.489266000 AM,[unsupported data type],4,1,284,154,-.23748023808002472,8461323895330178444,tf,0,9248,1675329495487,0,110
F3B50AA6C9EA66A1E053BB15000AC4D9,02-FEB-23 09.18.15.588357000 AM,[unsupported data type],4,1,286,145,-.38982024788856506,8461323895330178444,tf,0,8768,1675329495585,0,110
F3B50AA6C9ED66A1E053BB15000AC4D9,02-FEB-23 09.18.15.739254000 AM,[unsupported data type],3,1,289,133,-.4563475251197815,8461323895330178444,tf,0,9272,1675329495737,0,110
F3B50AA6C9F066A1E053BB15000AC4D9,02-FEB-23 09.18.15.919397000 AM,[unsupported data type],3,1,292,120,-.5059213638305664,8461323895330178444,tf,0,8402,1675329495916,0,110
F3B50AA68BFA6324E053BB15000A0390,02-FEB-23 09.18.16.146797000 AM,[unsupported data type],2,1,297,105,-.5692597031593323,8461323895330178444,tf,0,9028,1675329496144,0,110
F3B50AA68BFC6324E053BB15000A0390,02-FEB-23 09.18.16.259758000 AM,[unsupported data type],2,1,299,98,-.6112773418426514,8461323895330178444,tf,0,8519,1675329496257,0,110
F3B50AA68BFE6324E053BB15000A0390,02-FEB-23 09.18.16.372635000 AM,[unsupported data type],2,1,302,90,-.6568282246589661,8461323895330178444,tf,0,7994,1675329496369,0,110
F3B50AA68C006324E053BB15000A0390,02-FEB-23 09.18.16.483257000 AM,[unsupported data type],2,0,305,85,-.6925584077835083,8461323895330178444,tf,0,7658,1675329496481,0,110
F3B50AA68C026324E053BB15000A0390,02-FEB-23 09.18.16.594860000 AM,[unsupported data type],2,0,307,84,-.701775312423706,8461323895330178444,tf,1,8039,1675329496592,0,110
F3B50AA68C046324E053BB15000A0390,02-FEB-23 09.18.16.705362000 AM,[unsupported data type],2,0,309,86,-.6914590001106262,8461323895330178444,tf,.599507749080658,7912,1675329496703,0,110
F3B50AA68C076324E053BB15000A0390,02-FEB-23 09.18.16.863214000 AM,[unsupported data type],2,0,312,88,-.6804764866828918,8461323895330178444,tf,.6996134519577026,8275,1675329496861,0,110
F3B50AA68C096324E053BB15000A0390,02-FEB-23 09.18.16.972705000 AM,[unsupported data type],2,0,315,89,-.6731067299842834,8461323895330178444,tf,.5625853538513184,8194,1675329496970,0,110
F3B50AA68C0E6324E053BB15000A0390,02-FEB-23 09.18.17.258642000 AM,[unsupported data type],2,0,320,92,-.17513242363929749,8461323895330178444,tf,.7204129695892334,8583,1675329497256,0,110
F3B50AA68C106324E053BB15000A0390,02-FEB-23 09.18.17.370969000 AM,[unsupported data type],2,0,322,95,0,8461323895330178444,tf,1,8856,1675329497368,0,110
F3B50AA68C146324E053BB15000A0390,02-FEB-23 09.18.17.595938000 AM,[unsupported data type],2,0,327,103,.07399484515190125,8461323895330178444,tf,1,9484,1675329497593,0,110
F3B50AA68C166324E053BB15000A0390,02-FEB-23 09.18.17.708248000 AM,[unsupported data type],2,0,329,107,.20097656548023224,8461323895330178444,tf,1,10019,1675329497705,0,110
F3B50AA68C186324E053BB15000A0390,02-FEB-23 09.18.17.821728000 AM,[unsupported data type],2,0,331,111,0,8461323895330178444,tf,1,10217,1675329497819,0,110
F3B50AA68C1A6324E053BB15000A0390,02-FEB-23 09.18.17.933655000 AM,[unsupported data type],2,0,333,116,.015676230192184448,8461323895330178444,tf,1,10786,1675329497931,0,110
F3B50AA68C1C6324E053BB15000A0390,02-FEB-23 09.18.18.046735000 AM,[unsupported data type],2,0,336,119,.0851248949766159,8461323895330178444,tf,1,10942,1675329498044,0,110
F3B50AA68D25669FE053BB15000A09F5,02-FEB-23 09.18.16.307627000 AM,[unsupported data type],2,1,301,94,-.6313803791999817,8461323895330178444,tf,0,8343,1675329496305,0,110
F3B50AA68D27669FE053BB15000A09F5,02-FEB-23 09.18.16.419624000 AM,[unsupported data type],2,1,303,87,-.6752586960792542,8461323895330178444,tf,0,7634,1675329496417,0,110
F3B50AA68D29669FE053BB15000A09F5,02-FEB-23 09.18.16.531672000 AM,[unsupported data type],2,0,306,85,-.6967779994010925,8461323895330178444,tf,0,7603,1675329496529,0,110
F3B50AA68D2B669FE053BB15000A09F5,02-FEB-23 09.18.16.642169000 AM,[unsupported data type],2,0,308,85,-.6973803043365479,8461323895330178444,tf,.6327917575836182,7839,1675329496639,0,110
F3B50AA68D2E669FE053BB15000A09F5,02-FEB-23 09.18.16.816548000 AM,[unsupported data type],2,0,311,87,-.6829898357391357,8461323895330178444,tf,.694227933883667,8092,1675329496814,0,110
F3B50AA68D30669FE053BB15000A09F5,02-FEB-23 09.18.16.925762000 AM,[unsupported data type],2,0,313,88,-.6763854622840881,8461323895330178444,tf,.6688081622123718,8303,1675329496923,0,110
F3B50AA68D32669FE053BB15000A09F5,02-FEB-23 09.18.17.036170000 AM,[unsupported data type],2,0,316,89,-.6695961356163025,8461323895330178444,tf,.5325634479522705,8229,1675329497033,0,110
F3B50AA68D34669FE053BB15000A09F5,02-FEB-23 09.18.17.163783000 AM,[unsupported data type],2,0,318,90,-.6630863547325134,8461323895330178444,tf,.7388426661491394,8411,1675329497144,0,110
F3B50AA68D39669FE053BB15000A09F5,02-FEB-23 09.18.17.419044000 AM,[unsupported data type],2,0,323,97,0,8461323895330178444,tf,1,9194,1675329497416,0,110
F3B50AA68D3B669FE053BB15000A09F5,02-FEB-23 09.18.17.531695000 AM,[unsupported data type],2,0,326,101,.027791399508714676,8461323895330178444,tf,.8674982190132141,9230,1675329497529,0,110
F3B50AA68D3D669FE053BB15000A09F5,02-FEB-23 09.18.17.644010000 AM,[unsupported data type],2,0,328,105,.12132096290588379,8461323895330178444,tf,1,9865,1675329497641,0,110
F3B50AA68D07669FE053BB15000A09F5,02-FEB-23 09.18.14.665377000 AM,[unsupported data type],7,.6666666865348816,267,264,0,8461323895330178444,tf,.3333333134651184,10544,1675329494663,0,110
F3B50AA68D0A669FE053BB15000A09F5,02-FEB-23 09.18.14.818948000 AM,[unsupported data type],7,1,270,242,0,8461323895330178444,tf,0,10627,1675329494816,0,110
F3B50AA68D0E669FE053BB15000A09F5,02-FEB-23 09.18.15.023671000 AM,[unsupported data type],6,1,275,212,0,8461323895330178444,tf,0,9465,1675329495021,0,110
F3B50AA68D10669FE053BB15000A09F5,02-FEB-23 09.18.15.140154000 AM,[unsupported data type],5,1,277,197,-.00566713185980916,8461323895330178444,tf,0,10272,1675329495138,0,110
F3B50AA68D12669FE053BB15000A09F5,02-FEB-23 09.18.15.256834000 AM,[unsupported data type],5,1,279,181,-.041262123733758926,8461323895330178444,tf,0,9430,1675329495254,0,110
F3B50AA68D17669FE053BB15000A09F5,02-FEB-23 09.18.15.538984000 AM,[unsupported data type],4,1,285,149,-.3086535632610321,8461323895330178444,tf,0,8911,1675329495536,0,110
F3B50AA68D19669FE053BB15000A09F5,02-FEB-23 09.18.15.638986000 AM,[unsupported data type],3,1,287,140,-.4346013069152832,8461323895330178444,tf,0,10631,1675329495636,0,110
F3B50AA68D1D669FE053BB15000A09F5,02-FEB-23 09.18.15.854614000 AM,[unsupported data type],3,1,291,125,-.48798689246177673,8461323895330178444,tf,0,8750,1675329495852,0,110
F3B50AA68D1F669FE053BB15000A09F5,02-FEB-23 09.18.15.967584000 AM,[unsupported data type],3,1,294,117,-.5196206569671631,8461323895330178444,tf,0,8228,1675329495965,0,110
F3B50AA68D21669FE053BB15000A09F5,02-FEB-23 09.18.16.081999000 AM,[unsupported data type],2,1,296,109,-.5505270957946777,8461323895330178444,tf,0,9478,1675329496079,0,110
F3B50AA68D23669FE053BB15000A09F5,02-FEB-23 09.18.16.194898000 AM,[unsupported data type],2,1,298,102,-.5849429965019226,8461323895330178444,tf,0,8870,1675329496192,0,110
F3B50AA68D43669FE053BB15000A09F5,02-FEB-23 09.18.17.981994000 AM,[unsupported data type],2,0,335,117,.03921854496002197,8461323895330178444,tf,1,10836,1675329497979,0,110
F3B50AA68D45669FE053BB15000A09F5,02-FEB-23 09.18.18.095572000 AM,[unsupported data type],2,0,337,121,.12961162626743317,8461323895330178444,tf,1,11156,1675329498093,0,110
F3B50AA68D47669FE053BB15000A09F5,02-FEB-23 09.18.18.207934000 AM,[unsupported data type],2,0,339,125,.26590055227279663,8461323895330178444,tf,1,11559,1675329498205,0,110
F3B50AA68C216324E053BB15000A0390,02-FEB-23 09.18.18.321441000 AM,[unsupported data type],2,0,341,127,.4445265531539917,8461323895330178444,tf,1,11696,1675329498319,0,110
F3B50AA68C236324E053BB15000A0390,02-FEB-23 09.18.18.436123000 AM,[unsupported data type],2,1,343,124,.4898843765258789,8461323895330178444,tf,0,10709,1675329498433,0,110
F3B50AA68D4C669FE053BB15000A09F5,02-FEB-23 09.18.18.502294000 AM,[unsupported data type],2,1,345,119,.511417031288147,8461323895330178444,tf,0,10426,1675329498500,0,110
F3B50AA68D4E669FE053BB15000A09F5,02-FEB-23 09.18.18.618026000 AM,[unsupported data type],2,0,348,113,.5390318632125854,8461323895330178444,tf,0,10146,1675329498615,0,110
F3B50AA68C276324E053BB15000A0390,02-FEB-23 09.18.18.668115000 AM,[unsupported data type],2,0,349,112,.542142927646637,8461323895330178444,tf,0,10081,1675329498665,0,110
F3B50AA68D50669FE053BB15000A09F5,02-FEB-23 09.18.18.719543000 AM,[unsupported data type],2,0,350,112,.5453837513923645,8461323895330178444,tf,0,10010,1675329498717,0,110
F3B50AA68C296324E053BB15000A0390,02-FEB-23 09.18.18.771177000 AM,[unsupported data type],2,0,351,111,.5487524271011353,8461323895330178444,tf,1,10422,1675329498768,0,110
F3B50AA6CA2466A1E053BB15000AC4D9,02-FEB-23 09.18.18.822212000 AM,[unsupported data type],2,0,352,112,.5466105341911316,8461323895330178444,tf,.7085012197494507,10338,1675329498819,0,110
F3B50AA6CA3666A1E053BB15000AC4D9,02-FEB-23 09.18.19.742517000 AM,[unsupported data type],2,0,370,124,.4980333745479584,8461323895330178444,tf,.92331463098526,11438,1675329499740,0,110
F3B50AA6CA3866A1E053BB15000AC4D9,02-FEB-23 09.18.19.847520000 AM,[unsupported data type],2,0,372,125,.14529985189437866,8461323895330178444,tf,.7587890028953552,11556,1675329499845,0,110
F3B50AA6CA3E66A1E053BB15000AC4D9,02-FEB-23 09.18.20.156118000 AM,[unsupported data type],3,0,379,136,.06665202975273132,8461323895330178444,tf,1,10148,1675329500154,0,110
F3B50AA6CA4066A1E053BB15000AC4D9,02-FEB-23 09.18.20.257954000 AM,[unsupported data type],3,0,381,140,.1504797339439392,8461323895330178444,tf,1,10377,1675329500255,0,110
F3B50AA6CA4266A1E053BB15000AC4D9,02-FEB-23 09.18.20.359761000 AM,[unsupported data type],3,0,383,143,.26394790410995483,8461323895330178444,tf,1,10669,1675329500357,0,110
F3B50AA6CA4666A1E053BB15000AC4D9,02-FEB-23 09.18.20.564997000 AM,[unsupported data type],3,0,388,152,.04596228152513504,8461323895330178444,tf,1,11359,1675329500562,0,110
F3B50AA6CA4B66A1E053BB15000AC4D9,02-FEB-23 09.18.20.818324000 AM,[unsupported data type],3,0,393,162,.25236913561820984,8461323895330178444,tf,1,12006,1675329500816,0,110
F3B50AA6CA5166A1E053BB15000AC4D9,02-FEB-23 09.18.21.126932000 AM,[unsupported data type],4,0,400,167,.375091016292572,8461323895330178444,tf,1,10612,1675329501124,0,110
F3B50AA6CA5566A1E053BB15000AC4D9,02-FEB-23 09.18.21.336409000 AM,[unsupported data type],4,0,404,168,.1905321180820465,8461323895330178444,tf,1,10844,1675329501334,0,110
F3B50AA6CA5866A1E053BB15000AC4D9,02-FEB-23 09.18.21.493572000 AM,[unsupported data type],4,0,407,174,0,8461323895330178444,tf,1,11107,1675329501491,0,110
F3B50AA6CA5A66A1E053BB15000AC4D9,02-FEB-23 09.18.21.596197000 AM,[unsupported data type],4,0,409,178,.019459189847111702,8461323895330178444,tf,1,11290,1675329501594,0,110
F3B50AA68D95669FE053BB15000A09F5,02-FEB-23 09.18.22.260765000 AM,[unsupported data type],5,0,423,202,.012833868153393269,8461323895330178444,tf,1,10945,1675329502258,0,110
F3B50AA68D98669FE053BB15000A09F5,02-FEB-23 09.18.22.414636000 AM,[unsupported data type],5,0,426,207,.07037121057510376,8461323895330178444,tf,1,11240,1675329502412,0,110
F3B50AA68D9B669FE053BB15000A09F5,02-FEB-23 09.18.22.566440000 AM,[unsupported data type],5,0,430,212,.16911444067955017,8461323895330178444,tf,1,11513,1675329502564,0,110
F3B50AA68D9E669FE053BB15000A09F5,02-FEB-23 09.18.22.719533000 AM,[unsupported data type],5,0,433,215,.29894763231277466,8461323895330178444,tf,1,11740,1675329502717,0,110
F3B50AA68DA0669FE053BB15000A09F5,02-FEB-23 09.18.22.824000000 AM,[unsupported data type],5,0,435,217,.30009257793426514,8461323895330178444,tf,1,11911,1675329502821,0,110
F3B50AA68DA3669FE053BB15000A09F5,02-FEB-23 09.18.22.984441000 AM,[unsupported data type],5,0,438,219,.29816699028015137,8461323895330178444,tf,1,12057,1675329502981,0,110
F3B50AA68C7E6324E053BB15000A0390,02-FEB-23 09.18.23.147790000 AM,[unsupported data type],6,1,442,211,.303451806306839,8461323895330178444,tf,0,9168,1675329503145,0,110
F3B50AA6CA7966A1E053BB15000AC4D9,02-FEB-23 09.18.23.202698000 AM,[unsupported data type],6,0,443,205,.3114357590675354,8461323895330178444,tf,0,9239,1675329503200,0,110
F3B50AA68C806324E053BB15000A0390,02-FEB-23 09.18.23.258013000 AM,[unsupported data type],6,0,444,203,.31490200757980347,8461323895330178444,tf,0,9203,1675329503255,0,110
F3B50AA6CA7B66A1E053BB15000AC4D9,02-FEB-23 09.18.23.314163000 AM,[unsupported data type],5,0,445,202,.31685692071914673,8461323895330178444,tf,1,11336,1675329503311,0,110
F3B50AA68C826324E053BB15000A0390,02-FEB-23 09.18.23.370935000 AM,[unsupported data type],5,0,446,204,.31535905599594116,8461323895330178444,tf,1,11191,1675329503368,0,110
F3B50AA68C366324E053BB15000A0390,02-FEB-23 09.18.19.432850000 AM,[unsupported data type],2,0,364,120,.5139491558074951,8461323895330178444,tf,.5666820406913757,10932,1675329499430,0,110
F3B50AA68C386324E053BB15000A0390,02-FEB-23 09.18.19.534772000 AM,[unsupported data type],2,0,366,121,.5095017552375793,8461323895330178444,tf,.9024942517280579,11309,1675329499532,0,110
F3B50AA68C3A6324E053BB15000A0390,02-FEB-23 09.18.19.638671000 AM,[unsupported data type],2,0,368,122,.5039377212524414,8461323895330178444,tf,.6640272736549377,11195,1675329499636,0,110
F3B50AA68C3D6324E053BB15000A0390,02-FEB-23 09.18.19.794626000 AM,[unsupported data type],2,0,371,124,.49569573998451233,8461323895330178444,tf,.9089820981025696,11634,1675329499792,0,110
F3B50AA68C3F6324E053BB15000A0390,02-FEB-23 09.18.19.898937000 AM,[unsupported data type],2,0,373,126,.0034261811524629593,8461323895330178444,tf,.6947668790817261,11507,1675329499896,0,110
F3B50AA68C416324E053BB15000A0390,02-FEB-23 09.18.20.002031000 AM,[unsupported data type],2,0,376,130,.0020633507519960403,8461323895330178444,tf,1,11953,1675329499999,0,110
F3B50AA68C436324E053BB15000A0390,02-FEB-23 09.18.20.105194000 AM,[unsupported data type],3,0,378,134,.03629254177212715,8461323895330178444,tf,1,10175,1675329500103,0,110
F3B50AA68C456324E053BB15000A0390,02-FEB-23 09.18.20.207007000 AM,[unsupported data type],3,0,380,138,.10448569059371948,8461323895330178444,tf,1,10219,1675329500204,0,110
F3B50AA68C476324E053BB15000A0390,02-FEB-23 09.18.20.308655000 AM,[unsupported data type],3,0,382,141,.20374633371829987,8461323895330178444,tf,1,10329,1675329500306,0,110
F3B50AA68C496324E053BB15000A0390,02-FEB-23 09.18.20.411007000 AM,[unsupported data type],3,0,384,145,.06075288727879524,8461323895330178444,tf,1,10618,1675329500408,0,110
F3B50AA68C4B6324E053BB15000A0390,02-FEB-23 09.18.20.514124000 AM,[unsupported data type],3,0,387,150,.023384815081954002,8461323895330178444,tf,1,11194,1675329500512,0,110
F3B50AA68C4D6324E053BB15000A0390,02-FEB-23 09.18.20.616268000 AM,[unsupported data type],3,0,389,154,.07543119043111801,8461323895330178444,tf,1,11294,1675329500613,0,110
F3B50AA68C4F6324E053BB15000A0390,02-FEB-23 09.18.20.736231000 AM,[unsupported data type],3,0,391,158,.1523451805114746,8461323895330178444,tf,1,11504,1675329500714,0,110
F3B50AA68C526324E053BB15000A0390,02-FEB-23 09.18.20.869115000 AM,[unsupported data type],3,0,394,163,.3121516704559326,8461323895330178444,tf,1,11935,1675329500866,0,110
F3B50AA68C546324E053BB15000A0390,02-FEB-23 09.18.20.970902000 AM,[unsupported data type],3,0,396,165,.3796119689941406,8461323895330178444,tf,1,12181,1675329500968,0,110
F3B50AA68C566324E053BB15000A0390,02-FEB-23 09.18.21.087598000 AM,[unsupported data type],4,0,399,166,.3769538998603821,8461323895330178444,tf,1,10572,1675329501072,0,110
F3B50AA68C586324E053BB15000A0390,02-FEB-23 09.18.21.179468000 AM,[unsupported data type],4,0,401,167,.3740992546081543,8461323895330178444,tf,1,10673,1675329501177,0,110
F3B50AA68C5A6324E053BB15000A0390,02-FEB-23 09.18.21.284891000 AM,[unsupported data type],4,0,403,168,.37263211607933044,8461323895330178444,tf,1,10751,1675329501282,0,110
F3B50AA68C5D6324E053BB15000A0390,02-FEB-23 09.18.21.442016000 AM,[unsupported data type],4,0,406,171,0,8461323895330178444,tf,1,11034,1675329501439,0,110
F3B50AA68C5F6324E053BB15000A0390,02-FEB-23 09.18.21.545135000 AM,[unsupported data type],4,0,408,176,.0067200083285570145,8461323895330178444,tf,1,11166,1675329501542,0,110
F3B50AA68C616324E053BB15000A0390,02-FEB-23 09.18.21.647924000 AM,[unsupported data type],4,0,410,181,.037911929190158844,8461323895330178444,tf,1,11422,1675329501645,0,110
F3B50AA68C646324E053BB15000A0390,02-FEB-23 09.18.21.801938000 AM,[unsupported data type],4,0,413,187,.12467256188392639,8461323895330178444,tf,1,11836,1675329501799,0,110
F3B50AA68D5F669FE053BB15000A09F5,02-FEB-23 09.18.19.484539000 AM,[unsupported data type],2,0,365,120,.5115353465080261,8461323895330178444,tf,.8716637492179871,11091,1675329499482,0,110
F3B50AA68D61669FE053BB15000A09F5,02-FEB-23 09.18.19.586466000 AM,[unsupported data type],2,0,367,122,.5068504810333252,8461323895330178444,tf,.7872025966644287,11248,1675329499584,0,110
F3B50AA68D63669FE053BB15000A09F5,02-FEB-23 09.18.19.690280000 AM,[unsupported data type],2,0,369,123,.5010433793067932,8461323895330178444,tf,.8369929194450378,11266,1675329499688,0,110
F3B50AA68D68669FE053BB15000A09F5,02-FEB-23 09.18.19.950083000 AM,[unsupported data type],2,0,374,128,0,8461323895330178444,tf,1,11905,1675329499947,0,110
F3B50AA68D6A669FE053BB15000A09F5,02-FEB-23 09.18.20.053543000 AM,[unsupported data type],2,0,377,132,.014554972760379314,8461323895330178444,tf,1,12034,1675329500051,0,110
F3B50AA68D72669FE053BB15000A09F5,02-FEB-23 09.18.20.463226000 AM,[unsupported data type],3,0,385,147,.007792163174599409,8461323895330178444,tf,1,10975,1675329500461,0,110
F3B50AA68D76669FE053BB15000A09F5,02-FEB-23 09.18.20.666348000 AM,[unsupported data type],3,0,390,156,.11093036830425262,8461323895330178444,tf,1,11637,1675329500664,0,110
F3B50AA68D78669FE053BB15000A09F5,02-FEB-23 09.18.20.767681000 AM,[unsupported data type],3,0,392,160,.1997218281030655,8461323895330178444,tf,1,11792,1675329500765,0,110
F3B50AA68D7B669FE053BB15000A09F5,02-FEB-23 09.18.20.919752000 AM,[unsupported data type],3,0,395,164,.37294769287109375,8461323895330178444,tf,1,12071,1675329500917,0,110
F3B50AA68D7D669FE053BB15000A09F5,02-FEB-23 09.18.21.022356000 AM,[unsupported data type],4,0,398,165,.3781134784221649,8461323895330178444,tf,1,10677,1675329501020,0,110
F3B50AA68D81669FE053BB15000A09F5,02-FEB-23 09.18.21.232282000 AM,[unsupported data type],4,0,402,167,.37328797578811646,8461323895330178444,tf,1,10693,1675329501230,0,110
F3B50AA68D84669FE053BB15000A09F5,02-FEB-23 09.18.21.389377000 AM,[unsupported data type],4,0,405,169,.031243130564689636,8461323895330178444,tf,1,10772,1675329501387,0,110
F3B50AA6CA5C66A1E053BB15000AC4D9,02-FEB-23 09.18.21.699239000 AM,[unsupported data type],4,0,411,183,.06174434721469879,8461323895330178444,tf,1,11554,1675329501697,0,110
F3B50AA68D8B669FE053BB15000A09F5,02-FEB-23 09.18.21.750187000 AM,[unsupported data type],4,0,412,185,.09067077934741974,8461323895330178444,tf,1,11705,1675329501747,0,110
F3B50AA68D8D669FE053BB15000A09F5,02-FEB-23 09.18.21.853495000 AM,[unsupported data type],4,0,414,189,.16368113458156586,8461323895330178444,tf,1,11947,1675329501851,0,110
F3B50AA68C666324E053BB15000A0390,02-FEB-23 09.18.21.905573000 AM,[unsupported data type],4,0,415,191,.20841532945632935,8461323895330178444,tf,1,12093,1675329501903,0,110
F3B50AA68D8F669FE053BB15000A09F5,02-FEB-23 09.18.21.957920000 AM,[unsupported data type],5,0,416,191,.2587524652481079,8461323895330178444,tf,1,10527,1675329501954,0,110
F3B50AA68C686324E053BB15000A0390,02-FEB-23 09.18.22.007981000 AM,[unsupported data type],5,0,418,193,.3178041875362396,8461323895330178444,tf,1,10625,1675329502005,0,110
F3B50AA6CA6366A1E053BB15000AC4D9,02-FEB-23 09.18.22.058633000 AM,[unsupported data type],5,0,419,194,.17676034569740295,8461323895330178444,tf,1,10767,1675329502056,0,110
F3B50AA68C6A6324E053BB15000A0390,02-FEB-23 09.18.22.109282000 AM,[unsupported data type],5,0,420,196,.03834463283419609,8461323895330178444,tf,1,10880,1675329502106,0,110
F3B50AA68D93669FE053BB15000A09F5,02-FEB-23 09.18.22.159825000 AM,[unsupported data type],5,0,421,198,.00039419796667061746,8461323895330178444,tf,1,10876,1675329502157,0,110
F3B50AA68C6C6324E053BB15000A0390,02-FEB-23 09.18.22.210075000 AM,[unsupported data type],5,0,422,200,.0035003982484340668,8461323895330178444,tf,1,10879,1675329502207,0,110
F3B50AA6CA6866A1E053BB15000AC4D9,02-FEB-23 09.18.22.312155000 AM,[unsupported data type],5,0,424,203,.027192845940589905,8461323895330178444,tf,1,11068,1675329502309,0,110
F3B50AA68C6F6324E053BB15000A0390,02-FEB-23 09.18.22.363694000 AM,[unsupported data type],5,0,425,205,.04643579572439194,8461323895330178444,tf,1,11159,1675329502361,0,110
F3B50AA6CA6B66A1E053BB15000AC4D9,02-FEB-23 09.18.22.464922000 AM,[unsupported data type],5,0,427,209,.09878724813461304,8461323895330178444,tf,1,11314,1675329502462,0,110
F3B50AA68C726324E053BB15000A0390,02-FEB-23 09.18.22.515339000 AM,[unsupported data type],5,0,429,210,.13171149790287018,8461323895330178444,tf,1,11413,1675329502513,0,110
F3B50AA6CA6E66A1E053BB15000AC4D9,02-FEB-23 09.18.22.616997000 AM,[unsupported data type],5,0,431,213,.21094335615634918,8461323895330178444,tf,1,11627,1675329502614,0,110
F3B50AA68C756324E053BB15000A0390,02-FEB-23 09.18.22.668264000 AM,[unsupported data type],5,0,432,214,.2572634518146515,8461323895330178444,tf,1,11673,1675329502666,0,110
F3B50AA6CA7166A1E053BB15000AC4D9,02-FEB-23 09.18.22.772512000 AM,[unsupported data type],5,0,434,216,.30061715841293335,8461323895330178444,tf,1,11809,1675329502770,0,110
F3B50AA6CA7366A1E053BB15000AC4D9,02-FEB-23 09.18.22.877382000 AM,[unsupported data type],5,0,436,218,.2995634078979492,8461323895330178444,tf,1,11989,1675329502875,0,110
F3B50AA68C7A6324E053BB15000A0390,02-FEB-23 09.18.22.930238000 AM,[unsupported data type],5,0,437,218,.2988426983356476,8461323895330178444,tf,1,12025,1675329502928,0,110
F3B50AA68C7C6324E053BB15000A0390,02-FEB-23 09.18.23.038813000 AM,[unsupported data type],5,0,440,219,.2975951135158539,8461323895330178444,tf,0,11799,1675329503036,0,110
F3B50AA6CA7766A1E053BB15000AC4D9,02-FEB-23 09.18.23.093324000 AM,[unsupported data type],6,1,441,217,.29826101660728455,8461323895330178444,tf,0,9629,1675329503091,0,110
F3B50AA68C876324E053BB15000A0390,02-FEB-23 09.18.23.660145000 AM,[unsupported data type],5,0,452,210,.308427631855011,8461323895330178444,tf,1,11555,1675329503657,0,110
F3B50AA68C896324E053BB15000A0390,02-FEB-23 09.18.23.778006000 AM,[unsupported data type],5,0,454,212,.3058070242404938,8461323895330178444,tf,1,11693,1675329503775,0,110
F3B50AA68C8C6324E053BB15000A0390,02-FEB-23 09.18.23.953678000 AM,[unsupported data type],5,0,457,216,0,8461323895330178444,tf,1,11753,1675329503951,0,110
F3B50AA68C8E6324E053BB15000A0390,02-FEB-23 09.18.24.068423000 AM,[unsupported data type],5,0,459,219,-.014452994801104069,8461323895330178444,tf,1,11869,1675329504066,0,110
F3B50AA68C906324E053BB15000A0390,02-FEB-23 09.18.24.184714000 AM,[unsupported data type],5,0,461,222,-.053420159965753555,8461323895330178444,tf,1,12033,1675329504182,0,110
F3B50AA68C926324E053BB15000A0390,02-FEB-23 09.18.24.302158000 AM,[unsupported data type],6,0,463,225,-.11619419604539871,8461323895330178444,tf,1,10297,1675329504299,0,110
F3B50AA68C936324E053BB15000A0390,02-FEB-23 09.18.24.343115000 AM,[unsupported data type],6,0,464,226,-.14282254874706268,8461323895330178444,tf,1,10346,1675329504340,0,110
F3B50AA68C946324E053BB15000A0390,02-FEB-23 09.18.24.402422000 AM,[unsupported data type],6,0,465,227,-.18795393407344818,8461323895330178444,tf,1,10426,1675329504400,0,110
F3B50AA68C956324E053BB15000A0390,02-FEB-23 09.18.24.462597000 AM,[unsupported data type],6,0,466,228,-.239328995347023,8461323895330178444,tf,1,10501,1675329504460,0,110
F3B50AA68C9A6324E053BB15000A0390,02-FEB-23 09.18.24.713349000 AM,[unsupported data type],6,0,472,234,0,8461323895330178444,tf,1,10728,1675329504711,0,110
F3B50AA68C9C6324E053BB15000A0390,02-FEB-23 09.18.24.818487000 AM,[unsupported data type],6,0,474,237,-.00398252485319972,8461323895330178444,tf,1,10855,1675329504816,0,110
F3B50AA6CAA566A1E053BB15000AC4D9,02-FEB-23 09.18.25.659750000 AM,[unsupported data type],6,0,491,255,0,8461323895330178444,tf,1,11661,1675329505657,0,110
F3B50AA6CAA866A1E053BB15000AC4D9,02-FEB-23 09.18.25.824278000 AM,[unsupported data type],6,0,494,257,0,8461323895330178444,tf,1,11634,1675329505821,0,110
F3B50AA6CAAB66A1E053BB15000AC4D9,02-FEB-23 09.18.26.016289000 AM,[unsupported data type],7,0,497,260,0,8461323895330178444,tf,1,10551,1675329506014,0,110
F3B50AA6CAAD66A1E053BB15000AC4D9,02-FEB-23 09.18.26.134119000 AM,[unsupported data type],7,0,499,262,0,8461323895330178444,tf,1,10642,1675329506132,0,110
F3B50AA6CAAF66A1E053BB15000AC4D9,02-FEB-23 09.18.26.251897000 AM,[unsupported data type],7,0,501,264,0,8461323895330178444,tf,1,10719,1675329506249,0,110
F3B50AA6CAB466A1E053BB15000AC4D9,02-FEB-23 09.18.26.531561000 AM,[unsupported data type],7,0,506,269,.023015638813376427,8461323895330178444,tf,1,10894,1675329506529,0,110
F3B50AA6CAB666A1E053BB15000AC4D9,02-FEB-23 09.18.26.642037000 AM,[unsupported data type],7,0,508,270,.02363729104399681,8461323895330178444,tf,1,10968,1675329506640,0,110
F3B50AA6CAB866A1E053BB15000AC4D9,02-FEB-23 09.18.26.746899000 AM,[unsupported data type],7,0,510,272,0,8461323895330178444,tf,1,11024,1675329506744,0,110
F3B50AA6CABF66A1E053BB15000AC4D9,02-FEB-23 09.18.27.125916000 AM,[unsupported data type],7,0,518,277,0,8461323895330178444,tf,1,11228,1675329507123,0,110
F3B50AA6CAC266A1E053BB15000AC4D9,02-FEB-23 09.18.27.285256000 AM,[unsupported data type],7,0,521,279,0,8461323895330178444,tf,1,11306,1675329507283,0,110
F3B50AA6CAC466A1E053BB15000AC4D9,02-FEB-23 09.18.27.386534000 AM,[unsupported data type],7,0,523,280,0,8461323895330178444,tf,1,11356,1675329507384,0,110
F3B50AA6CAC866A1E053BB15000AC4D9,02-FEB-23 09.18.27.620186000 AM,[unsupported data type],7,0,528,283,0,8461323895330178444,tf,1,11466,1675329507618,0,110
F3B50AA6CACF66A1E053BB15000AC4D9,02-FEB-23 09.18.28.035398000 AM,[unsupported data type],7,0,535,287,0,8461323895330178444,tf,1,11631,1675329508033,0,110
F3B50AA68CD66324E053BB15000A0390,02-FEB-23 09.18.28.075086000 AM,[unsupported data type],7,0,536,287,0,8461323895330178444,tf,1,11643,1675329508072,0,110
F3B50AA68DFF669FE053BB15000A09F5,02-FEB-23 09.18.28.136089000 AM,[unsupported data type],7,0,537,288,0,8461323895330178444,tf,1,11663,1675329508133,0,110
F3B50AA68CD86324E053BB15000A0390,02-FEB-23 09.18.28.176489000 AM,[unsupported data type],7,0,538,288,0,8461323895330178444,tf,1,11675,1675329508174,0,110
F3B50AA68E01669FE053BB15000A09F5,02-FEB-23 09.18.28.238169000 AM,[unsupported data type],7,0,539,289,0,8461323895330178444,tf,1,11699,1675329508236,0,110
F3B50AA68CDA6324E053BB15000A0390,02-FEB-23 09.18.28.279254000 AM,[unsupported data type],7,0,540,289,0,8461323895330178444,tf,1,11712,1675329508277,0,110
F3B50AA68E03669FE053BB15000A09F5,02-FEB-23 09.18.28.341641000 AM,[unsupported data type],7,0,541,289,0,8461323895330178444,tf,1,11732,1675329508339,0,110
F3B50AA68CDC6324E053BB15000A0390,02-FEB-23 09.18.28.380703000 AM,[unsupported data type],7,0,542,290,0,8461323895330178444,tf,1,11744,1675329508378,0,110
F3B50AA68E05669FE053BB15000A09F5,02-FEB-23 09.18.28.440840000 AM,[unsupported data type],7,0,543,290,0,8461323895330178444,tf,1,11764,1675329508438,0,110
F3B50AA68CDE6324E053BB15000A0390,02-FEB-23 09.18.28.482513000 AM,[unsupported data type],8,0,544,290,0,8461323895330178444,tf,1,10051,1675329508480,0,110
F3B50AA68E07669FE053BB15000A09F5,02-FEB-23 09.18.28.545100000 AM,[unsupported data type],8,0,545,290,0,8461323895330178444,tf,1,10037,1675329508543,0,110
F3B50AA68CE06324E053BB15000A0390,02-FEB-23 09.18.28.587145000 AM,[unsupported data type],8,0,546,291,0,8461323895330178444,tf,1,10047,1675329508585,0,110
F3B50AA6CA7E66A1E053BB15000AC4D9,02-FEB-23 09.18.23.499122000 AM,[unsupported data type],5,0,448,206,.31236034631729126,8461323895330178444,tf,1,11334,1675329503482,0,110
F3B50AA6CA8066A1E053BB15000AC4D9,02-FEB-23 09.18.23.601190000 AM,[unsupported data type],5,0,451,209,.3096655309200287,8461323895330178444,tf,1,11464,1675329503599,0,110
F3B50AA6CA8566A1E053BB15000AC4D9,02-FEB-23 09.18.23.896605000 AM,[unsupported data type],5,0,456,214,.015863649547100067,8461323895330178444,tf,1,11758,1675329503894,0,110
F3B50AA6CA9066A1E053BB15000AC4D9,02-FEB-23 09.18.24.503899000 AM,[unsupported data type],6,0,467,229,-.10893522202968597,8461323895330178444,tf,1,10549,1675329504501,0,110
F3B50AA6CA9366A1E053BB15000AC4D9,02-FEB-23 09.18.24.670585000 AM,[unsupported data type],6,0,471,233,0,8461323895330178444,tf,1,10674,1675329504668,0,110
F3B50AA68C9E6324E053BB15000A0390,02-FEB-23 09.18.24.926086000 AM,[unsupported data type],6,0,476,239,-.026861898601055145,8461323895330178444,tf,1,10956,1675329504923,0,110
F3B50AA68C9F6324E053BB15000A0390,02-FEB-23 09.18.24.992290000 AM,[unsupported data type],6,0,477,241,-.05021001398563385,8461323895330178444,tf,1,11032,1675329504990,0,110
F3B50AA6CA9A66A1E053BB15000AC4D9,02-FEB-23 09.18.25.033479000 AM,[unsupported data type],6,0,479,242,-.026895804330706596,8461323895330178444,tf,1,11080,1675329505031,0,110
F3B50AA68CA16324E053BB15000A0390,02-FEB-23 09.18.25.099023000 AM,[unsupported data type],6,0,480,243,0,8461323895330178444,tf,1,11144,1675329505096,0,110
F3B50AA6CA9C66A1E053BB15000AC4D9,02-FEB-23 09.18.25.142946000 AM,[unsupported data type],6,0,481,244,0,8461323895330178444,tf,1,11186,1675329505140,0,110
F3B50AA68CA36324E053BB15000A0390,02-FEB-23 09.18.25.208238000 AM,[unsupported data type],6,0,482,246,0,8461323895330178444,tf,1,11250,1675329505206,0,110
F3B50AA6CA9E66A1E053BB15000AC4D9,02-FEB-23 09.18.25.252804000 AM,[unsupported data type],6,0,483,247,0,8461323895330178444,tf,1,11293,1675329505250,0,110
F3B50AA68CA56324E053BB15000A0390,02-FEB-23 09.18.25.318630000 AM,[unsupported data type],6,0,484,248,.0016796521376818419,8461323895330178444,tf,1,11359,1675329505316,0,110
F3B50AA68CA76324E053BB15000A0390,02-FEB-23 09.18.25.427810000 AM,[unsupported data type],6,0,486,250,.021539680659770966,8461323895330178444,tf,1,11460,1675329505425,0,110
F3B50AA68CA96324E053BB15000A0390,02-FEB-23 09.18.25.541835000 AM,[unsupported data type],6,0,489,253,0,8461323895330178444,tf,1,11564,1675329505539,0,110
F3B50AA68CAA6324E053BB15000A0390,02-FEB-23 09.18.25.586506000 AM,[unsupported data type],6,0,490,254,0,8461323895330178444,tf,1,11607,1675329505584,0,110
F3B50AA68CAD6324E053BB15000A0390,02-FEB-23 09.18.25.778536000 AM,[unsupported data type],6,0,493,257,0,8461323895330178444,tf,1,11762,1675329505775,0,110
F3B50AA68CAF6324E053BB15000A0390,02-FEB-23 09.18.25.897787000 AM,[unsupported data type],7,0,495,258,0,8461323895330178444,tf,1,10477,1675329505895,0,110
F3B50AA68CB06324E053BB15000A0390,02-FEB-23 09.18.25.944181000 AM,[unsupported data type],7,0,496,259,0,8461323895330178444,tf,1,10514,1675329505941,0,110
F3B50AA68CB26324E053BB15000A0390,02-FEB-23 09.18.26.064337000 AM,[unsupported data type],7,0,498,261,0,8461323895330178444,tf,1,10592,1675329506062,0,110
F3B50AA68CB46324E053BB15000A0390,02-FEB-23 09.18.26.181038000 AM,[unsupported data type],7,0,500,263,0,8461323895330178444,tf,1,10669,1675329506178,0,110
F3B50AA68CB76324E053BB15000A0390,02-FEB-23 09.18.26.367042000 AM,[unsupported data type],7,0,503,266,0,8461323895330178444,tf,1,10791,1675329506364,0,110
F3B50AA68CB96324E053BB15000A0390,02-FEB-23 09.18.26.485292000 AM,[unsupported data type],7,0,505,268,.012013535015285015,8461323895330178444,tf,1,10866,1675329506483,0,110
F3B50AA68CBB6324E053BB15000A0390,02-FEB-23 09.18.26.609793000 AM,[unsupported data type],7,0,507,270,.0452929325401783,8461323895330178444,tf,1,10937,1675329506596,0,110
F3B50AA68DCE669FE053BB15000A09F5,02-FEB-23 09.18.25.361321000 AM,[unsupported data type],6,0,485,249,.007357909344136715,8461323895330178444,tf,1,11404,1675329505359,0,110
F3B50AA68DD0669FE053BB15000A09F5,02-FEB-23 09.18.25.474273000 AM,[unsupported data type],6,0,487,251,0,8461323895330178444,tf,1,11499,1675329505472,0,110
F3B50AA68DD4669FE053BB15000A09F5,02-FEB-23 09.18.25.707532000 AM,[unsupported data type],6,0,492,256,0,8461323895330178444,tf,1,11700,1675329505704,0,110
F3B50AA68DDE669FE053BB15000A09F5,02-FEB-23 09.18.26.297420000 AM,[unsupported data type],7,0,502,265,0,8461323895330178444,tf,1,10748,1675329506295,0,110
F3B50AA68DE0669FE053BB15000A09F5,02-FEB-23 09.18.26.415318000 AM,[unsupported data type],7,0,504,267,.001755483215674758,8461323895330178444,tf,1,10821,1675329506413,0,110
F3B50AA68CBD6324E053BB15000A0390,02-FEB-23 09.18.26.705819000 AM,[unsupported data type],7,0,509,271,0,8461323895330178444,tf,1,10998,1675329506703,0,110
F3B50AA68CBF6324E053BB15000A0390,02-FEB-23 09.18.26.809629000 AM,[unsupported data type],7,0,511,273,0,8461323895330178444,tf,1,11064,1675329506807,0,110
F3B50AA68DE8669FE053BB15000A09F5,02-FEB-23 09.18.26.849137000 AM,[unsupported data type],7,0,512,273,0,8461323895330178444,tf,1,11082,1675329506846,0,110
F3B50AA68CC16324E053BB15000A0390,02-FEB-23 09.18.26.909368000 AM,[unsupported data type],7,0,513,274,0,8461323895330178444,tf,1,11114,1675329506907,0,110
F3B50AA68DEA669FE053BB15000A09F5,02-FEB-23 09.18.26.950411000 AM,[unsupported data type],7,0,514,275,0,8461323895330178444,tf,1,11136,1675329506948,0,110
F3B50AA68CC36324E053BB15000A0390,02-FEB-23 09.18.27.008509000 AM,[unsupported data type],7,0,515,275,0,8461323895330178444,tf,1,11167,1675329507006,0,110
F3B50AA68DEC669FE053BB15000A09F5,02-FEB-23 09.18.27.067201000 AM,[unsupported data type],7,0,517,276,0,8461323895330178444,tf,1,11199,1675329507065,0,110
F3B50AA68DAB669FE053BB15000A09F5,02-FEB-23 09.18.23.427573000 AM,[unsupported data type],5,0,447,205,.31380197405815125,8461323895330178444,tf,1,11248,1675329503425,0,110
F3B50AA68DAD669FE053BB15000A09F5,02-FEB-23 09.18.23.542771000 AM,[unsupported data type],5,0,450,207,.31100180745124817,8461323895330178444,tf,1,11395,1675329503540,0,110
F3B50AA68DB0669FE053BB15000A09F5,02-FEB-23 09.18.23.718499000 AM,[unsupported data type],5,0,453,211,.3070545792579651,8461323895330178444,tf,1,11637,1675329503716,0,110
F3B50AA68DB2669FE053BB15000A09F5,02-FEB-23 09.18.23.836331000 AM,[unsupported data type],5,0,455,213,.1465536504983902,8461323895330178444,tf,1,11732,1675329503834,0,110
F3B50AA68DB5669FE053BB15000A09F5,02-FEB-23 09.18.24.010938000 AM,[unsupported data type],5,0,458,217,-.003865143982693553,8461323895330178444,tf,1,11788,1675329504008,0,110
F3B50AA68DB7669FE053BB15000A09F5,02-FEB-23 09.18.24.126247000 AM,[unsupported data type],5,0,460,221,-.03086918219923973,8461323895330178444,tf,1,11948,1675329504124,0,110
F3B50AA68DB9669FE053BB15000A09F5,02-FEB-23 09.18.24.243063000 AM,[unsupported data type],5,0,462,224,-.08181969821453094,8461323895330178444,tf,1,12129,1675329504240,0,110
F3B50AA68DBF669FE053BB15000A09F5,02-FEB-23 09.18.24.565626000 AM,[unsupported data type],6,0,469,230,-.007057822775095701,8461323895330178444,tf,1,10594,1675329504563,0,110
F3B50AA68DC0669FE053BB15000A09F5,02-FEB-23 09.18.24.607920000 AM,[unsupported data type],6,0,470,231,0,8461323895330178444,tf,1,10616,1675329504605,0,110
F3B50AA68DC3669FE053BB15000A09F5,02-FEB-23 09.18.24.776314000 AM,[unsupported data type],6,0,473,236,0,8461323895330178444,tf,1,10807,1675329504774,0,110
F3B50AA68DC5669FE053BB15000A09F5,02-FEB-23 09.18.24.882414000 AM,[unsupported data type],6,0,475,238,-.015399489551782608,8461323895330178444,tf,1,10917,1675329504880,0,110
F3B50AA68DEE669FE053BB15000A09F5,02-FEB-23 09.18.27.187251000 AM,[unsupported data type],7,0,519,278,0,8461323895330178444,tf,1,11258,1675329507185,0,110
F3B50AA68CC76324E053BB15000A0390,02-FEB-23 09.18.27.226406000 AM,[unsupported data type],7,0,520,278,0,8461323895330178444,tf,1,11286,1675329507224,0,110
F3B50AA68CC96324E053BB15000A0390,02-FEB-23 09.18.27.345604000 AM,[unsupported data type],7,0,522,279,0,8461323895330178444,tf,1,11336,1675329507343,0,110
F3B50AA68CCB6324E053BB15000A0390,02-FEB-23 09.18.27.445341000 AM,[unsupported data type],7,0,524,281,0,8461323895330178444,tf,1,11383,1675329507443,0,110
F3B50AA68CCC6324E053BB15000A0390,02-FEB-23 09.18.27.504686000 AM,[unsupported data type],7,0,525,281,0,8461323895330178444,tf,1,11410,1675329507502,0,110
